Copyright 1986-2022 Xilinx, Inc. All Rights Reserved. Copyright 2022-2025 Advanced Micro Devices, Inc. All Rights Reserved.
-----------------------------------------------------------------------------------------------------------------------------------------------------------------------------------------------
| Tool Version : Vivado v.2025.2 (win64) Build 6299465 Fri Nov 14 19:35:11 GMT 2025
| Date         : Sun Sep 20 10:03:08 2026
| Host         : DESKTOP-4FN9LA1 running 64-bit major release  (build 9200)
| Command      : report_timing_summary -max_paths 10 -file core_top_timing_summary_routed.rpt -pb core_top_timing_summary_routed.pb -rpx core_top_timing_summary_routed.rpx -warn_on_violation
| Design       : core_top
| Device       : 7a35t-cpg236
| Speed File   : -1  PRODUCTION 1.23 2018-06-13
| Design State : Routed
-----------------------------------------------------------------------------------------------------------------------------------------------------------------------------------------------

Timing Summary Report

------------------------------------------------------------------------------------------------
| Timer Settings
| --------------
------------------------------------------------------------------------------------------------

  Enable Multi Corner Analysis               :  Yes
  Enable Pessimism Removal                   :  Yes
  Pessimism Removal Resolution               :  Nearest Common Node
  Enable Input Delay Default Clock           :  No
  Enable Preset / Clear Arcs                 :  No
  Disable Flight Delays                      :  No
  Ignore I/O Paths                           :  No
  Timing Early Launch at Borrowing Latches   :  No
  Borrow Time for Max Delay Exceptions       :  Yes
  Merge Timing Exceptions                    :  Yes
  Inter-SLR Compensation                     :  Conservative

  Corner  Analyze    Analyze    
  Name    Max Paths  Min Paths  
  ------  ---------  ---------  
  Slow    Yes        Yes        
  Fast    Yes        Yes        


------------------------------------------------------------------------------------------------
| Report Methodology
| ------------------
------------------------------------------------------------------------------------------------

Rule       Severity  Description                                 Violations  
---------  --------  ------------------------------------------  ----------  
SYNTH-6    Warning   Timing of a RAM block might be sub-optimal  1           
TIMING-18  Warning   Missing input or output delay               64          

Note: This report is based on the most recent report_methodology run and may not be up-to-date. Run report_methodology on the current design for the latest report.



check_timing report

Table of Contents
-----------------
1. checking no_clock (0)
2. checking constant_clock (0)
3. checking pulse_width_clock (0)
4. checking unconstrained_internal_endpoints (0)
5. checking no_input_delay (1)
6. checking no_output_delay (64)
7. checking multiple_clock (0)
8. checking generated_clocks (0)
9. checking loops (0)
10. checking partial_input_delay (0)
11. checking partial_output_delay (0)
12. checking latch_loops (0)

1. checking no_clock (0)
------------------------
 There are 0 register/latch pins with no clock.


2. checking constant_clock (0)
------------------------------
 There are 0 register/latch pins with constant_clock.


3. checking pulse_width_clock (0)
---------------------------------
 There are 0 register/latch pins which need pulse_width check


4. checking unconstrained_internal_endpoints (0)
------------------------------------------------
 There are 0 pins that are not constrained for maximum delay.

 There are 0 pins that are not constrained for maximum delay due to constant clock.


5. checking no_input_delay (1)
------------------------------
 There are 0 input ports with no input delay specified.

 There is 1 input port with no input delay but user has a false path constraint. (MEDIUM)


6. checking no_output_delay (64)
--------------------------------
 There are 64 ports with no output delay specified. (HIGH)

 There are 0 ports with no output delay but user has a false path constraint

 There are 0 ports with no output delay but with a timing clock defined on it or propagating through it


7. checking multiple_clock (0)
------------------------------
 There are 0 register/latch pins with multiple clocks.


8. checking generated_clocks (0)
--------------------------------
 There are 0 generated clocks that are not connected to a clock source.


9. checking loops (0)
---------------------
 There are 0 combinational loops in the design.


10. checking partial_input_delay (0)
------------------------------------
 There are 0 input ports with partial input delay specified.


11. checking partial_output_delay (0)
-------------------------------------
 There are 0 ports with partial output delay specified.


12. checking latch_loops (0)
----------------------------
 There are 0 combinational latch loops in the design through latch input



------------------------------------------------------------------------------------------------
| Design Timing Summary
| ---------------------
------------------------------------------------------------------------------------------------

    WNS(ns)      TNS(ns)  TNS Failing Endpoints  TNS Total Endpoints      WHS(ns)      THS(ns)  THS Failing Endpoints  THS Total Endpoints     WPWS(ns)     TPWS(ns)  TPWS Failing Endpoints  TPWS Total Endpoints  
    -------      -------  ---------------------  -------------------      -------      -------  ---------------------  -------------------     --------     --------  ----------------------  --------------------  
      1.722        0.000                      0                  930        0.038        0.000                      0                  930        3.750        0.000                       0                   531  


All user specified timing constraints are met.


------------------------------------------------------------------------------------------------
| Clock Summary
| -------------
------------------------------------------------------------------------------------------------

Clock  Waveform(ns)       Period(ns)      Frequency(MHz)
-----  ------------       ----------      --------------
clk    {0.000 5.000}      10.000          100.000         


------------------------------------------------------------------------------------------------
| Intra Clock Table
| -----------------
------------------------------------------------------------------------------------------------

Clock             WNS(ns)      TNS(ns)  TNS Failing Endpoints  TNS Total Endpoints      WHS(ns)      THS(ns)  THS Failing Endpoints  THS Total Endpoints     WPWS(ns)     TPWS(ns)  TPWS Failing Endpoints  TPWS Total Endpoints  
-----             -------      -------  ---------------------  -------------------      -------      -------  ---------------------  -------------------     --------     --------  ----------------------  --------------------  
clk                 1.722        0.000                      0                  930        0.038        0.000                      0                  930        3.750        0.000                       0                   531  


------------------------------------------------------------------------------------------------
| Inter Clock Table
| -----------------
------------------------------------------------------------------------------------------------

From Clock    To Clock          WNS(ns)      TNS(ns)  TNS Failing Endpoints  TNS Total Endpoints      WHS(ns)      THS(ns)  THS Failing Endpoints  THS Total Endpoints  
----------    --------          -------      -------  ---------------------  -------------------      -------      -------  ---------------------  -------------------  


------------------------------------------------------------------------------------------------
| Other Path Groups Table
| -----------------------
------------------------------------------------------------------------------------------------

Path Group    From Clock    To Clock          WNS(ns)      TNS(ns)  TNS Failing Endpoints  TNS Total Endpoints      WHS(ns)      THS(ns)  THS Failing Endpoints  THS Total Endpoints  
----------    ----------    --------          -------      -------  ---------------------  -------------------      -------      -------  ---------------------  -------------------  


------------------------------------------------------------------------------------------------
| Timing Details
| --------------
------------------------------------------------------------------------------------------------


---------------------------------------------------------------------------------------------------
From Clock:  clk
  To Clock:  clk

Setup :            0  Failing Endpoints,  Worst Slack        1.722ns,  Total Violation        0.000ns
Hold  :            0  Failing Endpoints,  Worst Slack        0.038ns,  Total Violation        0.000ns
PW    :            0  Failing Endpoints,  Worst Slack        3.750ns,  Total Violation        0.000ns
---------------------------------------------------------------------------------------------------


Max Delay Paths
--------------------------------------------------------------------------------------
Slack (MET) :             1.722ns  (required time - arrival time)
  Source:                 u_dmem/ram_reg/CLKARDCLK
                            (rising edge-triggered cell RAMB18E1 clocked by clk  {rise@0.000ns fall@5.000ns period=10.000ns})
  Destination:            alu_result_m_reg[29]/D
                            (rising edge-triggered cell FDCE clocked by clk  {rise@0.000ns fall@5.000ns period=10.000ns})
  Path Group:             clk
  Path Type:              Setup (Max at Slow Process Corner)
  Requirement:            10.000ns  (clk rise@10.000ns - clk rise@0.000ns)
  Data Path Delay:        8.277ns  (logic 4.703ns (56.821%)  route 3.574ns (43.179%))
  Logic Levels:           12  (CARRY4=8 LUT2=1 LUT4=1 LUT6=2)
  Clock Path Skew:        -0.083ns (DCD - SCD + CPR)
    Destination Clock Delay (DCD):    4.208ns = ( 14.208 - 10.000 ) 
    Source Clock Delay      (SCD):    4.613ns
    Clock Pessimism Removal (CPR):    0.322ns
  Clock Uncertainty:      0.035ns  ((TSJ^2 + TIJ^2)^1/2 + DJ) / 2 + PE
    Total System Jitter     (TSJ):    0.071ns
    Total Input Jitter      (TIJ):    0.000ns
    Discrete Jitter          (DJ):    0.000ns
    Phase Error              (PE):    0.000ns

    Location             Delay type                Incr(ns)  Path(ns)    Netlist Resource(s)
  -------------------------------------------------------------------    -------------------
                         (clock clk rise edge)        0.000     0.000 r  
    M18                                               0.000     0.000 r  clk (IN)
                         net (fo=0)                   0.000     0.000    clk
    M18                  IBUF (Prop_ibuf_I_O)         0.938     0.938 r  clk_IBUF_inst/O
                         net (fo=1, routed)           1.972     2.910    clk_IBUF
    BUFGCTRL_X0Y0        BUFG (Prop_bufg_I_O)         0.096     3.006 r  clk_IBUF_BUFG_inst/O
                         net (fo=530, routed)         1.608     4.613    u_dmem/clk_IBUF_BUFG
    RAMB18_X1Y4          RAMB18E1                                     r  u_dmem/ram_reg/CLKARDCLK
  -------------------------------------------------------------------    -------------------
    RAMB18_X1Y4          RAMB18E1 (Prop_ramb18e1_CLKARDCLK_DOADO[0])
                                                      2.454     7.067 r  u_dmem/ram_reg/DOADO[0]
                         net (fo=1, routed)           1.311     8.379    u_dmem/ram_reg_n_15
    SLICE_X44Y7          LUT6 (Prop_lut6_I1_O)        0.124     8.503 r  u_dmem/dbg_result_OBUF[0]_inst_i_2/O
                         net (fo=8, routed)           0.729     9.231    u_dmem/dbg_result_OBUF[0]
    SLICE_X47Y6          LUT6 (Prop_lut6_I0_O)        0.124     9.355 r  u_dmem/write_data_m[0]_i_1/O
                         net (fo=3, routed)           0.562     9.917    u_alu/D[0]
    SLICE_X45Y8          LUT4 (Prop_lut4_I1_O)        0.124    10.041 r  u_alu/pc_f[3]_i_7/O
                         net (fo=1, routed)           0.000    10.041    u_dmem/pc_f_reg[3][0]
    SLICE_X45Y8          CARRY4 (Prop_carry4_S[0]_CO[3])
                                                      0.532    10.573 r  u_dmem/pc_f_reg[3]_i_2/CO[3]
                         net (fo=1, routed)           0.000    10.573    u_dmem/pc_f_reg[3]_i_2_n_0
    SLICE_X45Y9          CARRY4 (Prop_carry4_CI_CO[3])
                                                      0.114    10.687 r  u_dmem/pc_f_reg[7]_i_2/CO[3]
                         net (fo=1, routed)           0.000    10.687    u_dmem/pc_f_reg[7]_i_2_n_0
    SLICE_X45Y10         CARRY4 (Prop_carry4_CI_CO[3])
                                                      0.114    10.801 r  u_dmem/pc_f_reg[11]_i_2/CO[3]
                         net (fo=1, routed)           0.000    10.801    u_dmem/pc_f_reg[11]_i_2_n_0
    SLICE_X45Y11         CARRY4 (Prop_carry4_CI_CO[3])
                                                      0.114    10.915 r  u_dmem/pc_f_reg[15]_i_2/CO[3]
                         net (fo=1, routed)           0.000    10.915    u_dmem/pc_f_reg[15]_i_2_n_0
    SLICE_X45Y12         CARRY4 (Prop_carry4_CI_CO[3])
                                                      0.114    11.029 r  u_dmem/pc_f_reg[19]_i_2/CO[3]
                         net (fo=1, routed)           0.000    11.029    u_dmem/pc_f_reg[19]_i_2_n_0
    SLICE_X45Y13         CARRY4 (Prop_carry4_CI_CO[3])
                                                      0.114    11.143 r  u_dmem/pc_f_reg[23]_i_2/CO[3]
                         net (fo=1, routed)           0.000    11.143    u_dmem/pc_f_reg[23]_i_2_n_0
    SLICE_X45Y14         CARRY4 (Prop_carry4_CI_CO[3])
                                                      0.114    11.257 r  u_dmem/pc_f_reg[27]_i_2/CO[3]
                         net (fo=1, routed)           0.000    11.257    u_dmem/pc_f_reg[27]_i_2_n_0
    SLICE_X45Y15         CARRY4 (Prop_carry4_CI_O[1])
                                                      0.334    11.591 r  u_dmem/pc_f_reg[31]_i_3/O[1]
                         net (fo=2, routed)           0.972    12.563    u_dmem/u_alu/data0[29]
    SLICE_X46Y12         LUT2 (Prop_lut2_I0_O)        0.327    12.890 r  u_dmem/alu_result_m[29]_i_1/O
                         net (fo=1, routed)           0.000    12.890    alu_result_e[29]
    SLICE_X46Y12         FDCE                                         r  alu_result_m_reg[29]/D
  -------------------------------------------------------------------    -------------------

                         (clock clk rise edge)       10.000    10.000 r  
    M18                                               0.000    10.000 r  clk (IN)
                         net (fo=0)                   0.000    10.000    clk
    M18                  IBUF (Prop_ibuf_I_O)         0.805    10.805 r  clk_IBUF_inst/O
                         net (fo=1, routed)           1.868    12.673    clk_IBUF
    BUFGCTRL_X0Y0        BUFG (Prop_bufg_I_O)         0.091    12.764 r  clk_IBUF_BUFG_inst/O
                         net (fo=530, routed)         1.444    14.208    clk_IBUF_BUFG
    SLICE_X46Y12         FDCE                                         r  alu_result_m_reg[29]/C
                         clock pessimism              0.322    14.530    
                         clock uncertainty           -0.035    14.495    
    SLICE_X46Y12         FDCE (Setup_fdce_C_D)        0.118    14.613    alu_result_m_reg[29]
  -------------------------------------------------------------------
                         required time                         14.613    
                         arrival time                         -12.890    
  -------------------------------------------------------------------
                         slack                                  1.722    

Slack (MET) :             1.877ns  (required time - arrival time)
  Source:                 u_dmem/ram_reg/CLKARDCLK
                            (rising edge-triggered cell RAMB18E1 clocked by clk  {rise@0.000ns fall@5.000ns period=10.000ns})
  Destination:            alu_result_m_reg[31]/D
                            (rising edge-triggered cell FDCE clocked by clk  {rise@0.000ns fall@5.000ns period=10.000ns})
  Path Group:             clk
  Path Type:              Setup (Max at Slow Process Corner)
  Requirement:            10.000ns  (clk rise@10.000ns - clk rise@0.000ns)
  Data Path Delay:        8.077ns  (logic 4.687ns (58.031%)  route 3.390ns (41.969%))
  Logic Levels:           12  (CARRY4=8 LUT2=1 LUT4=1 LUT6=2)
  Clock Path Skew:        -0.086ns (DCD - SCD + CPR)
    Destination Clock Delay (DCD):    4.205ns = ( 14.205 - 10.000 ) 
    Source Clock Delay      (SCD):    4.613ns
    Clock Pessimism Removal (CPR):    0.322ns
  Clock Uncertainty:      0.035ns  ((TSJ^2 + TIJ^2)^1/2 + DJ) / 2 + PE
    Total System Jitter     (TSJ):    0.071ns
    Total Input Jitter      (TIJ):    0.000ns
    Discrete Jitter          (DJ):    0.000ns
    Phase Error              (PE):    0.000ns

    Location             Delay type                Incr(ns)  Path(ns)    Netlist Resource(s)
  -------------------------------------------------------------------    -------------------
                         (clock clk rise edge)        0.000     0.000 r  
    M18                                               0.000     0.000 r  clk (IN)
                         net (fo=0)                   0.000     0.000    clk
    M18                  IBUF (Prop_ibuf_I_O)         0.938     0.938 r  clk_IBUF_inst/O
                         net (fo=1, routed)           1.972     2.910    clk_IBUF
    BUFGCTRL_X0Y0        BUFG (Prop_bufg_I_O)         0.096     3.006 r  clk_IBUF_BUFG_inst/O
                         net (fo=530, routed)         1.608     4.613    u_dmem/clk_IBUF_BUFG
    RAMB18_X1Y4          RAMB18E1                                     r  u_dmem/ram_reg/CLKARDCLK
  -------------------------------------------------------------------    -------------------
    RAMB18_X1Y4          RAMB18E1 (Prop_ramb18e1_CLKARDCLK_DOADO[0])
                                                      2.454     7.067 r  u_dmem/ram_reg/DOADO[0]
                         net (fo=1, routed)           1.311     8.379    u_dmem/ram_reg_n_15
    SLICE_X44Y7          LUT6 (Prop_lut6_I1_O)        0.124     8.503 r  u_dmem/dbg_result_OBUF[0]_inst_i_2/O
                         net (fo=8, routed)           0.729     9.231    u_dmem/dbg_result_OBUF[0]
    SLICE_X47Y6          LUT6 (Prop_lut6_I0_O)        0.124     9.355 r  u_dmem/write_data_m[0]_i_1/O
                         net (fo=3, routed)           0.562     9.917    u_alu/D[0]
    SLICE_X45Y8          LUT4 (Prop_lut4_I1_O)        0.124    10.041 r  u_alu/pc_f[3]_i_7/O
                         net (fo=1, routed)           0.000    10.041    u_dmem/pc_f_reg[3][0]
    SLICE_X45Y8          CARRY4 (Prop_carry4_S[0]_CO[3])
                                                      0.532    10.573 r  u_dmem/pc_f_reg[3]_i_2/CO[3]
                         net (fo=1, routed)           0.000    10.573    u_dmem/pc_f_reg[3]_i_2_n_0
    SLICE_X45Y9          CARRY4 (Prop_carry4_CI_CO[3])
                                                      0.114    10.687 r  u_dmem/pc_f_reg[7]_i_2/CO[3]
                         net (fo=1, routed)           0.000    10.687    u_dmem/pc_f_reg[7]_i_2_n_0
    SLICE_X45Y10         CARRY4 (Prop_carry4_CI_CO[3])
                                                      0.114    10.801 r  u_dmem/pc_f_reg[11]_i_2/CO[3]
                         net (fo=1, routed)           0.000    10.801    u_dmem/pc_f_reg[11]_i_2_n_0
    SLICE_X45Y11         CARRY4 (Prop_carry4_CI_CO[3])
                                                      0.114    10.915 r  u_dmem/pc_f_reg[15]_i_2/CO[3]
                         net (fo=1, routed)           0.000    10.915    u_dmem/pc_f_reg[15]_i_2_n_0
    SLICE_X45Y12         CARRY4 (Prop_carry4_CI_CO[3])
                                                      0.114    11.029 r  u_dmem/pc_f_reg[19]_i_2/CO[3]
                         net (fo=1, routed)           0.000    11.029    u_dmem/pc_f_reg[19]_i_2_n_0
    SLICE_X45Y13         CARRY4 (Prop_carry4_CI_CO[3])
                                                      0.114    11.143 r  u_dmem/pc_f_reg[23]_i_2/CO[3]
                         net (fo=1, routed)           0.000    11.143    u_dmem/pc_f_reg[23]_i_2_n_0
    SLICE_X45Y14         CARRY4 (Prop_carry4_CI_CO[3])
                                                      0.114    11.257 r  u_dmem/pc_f_reg[27]_i_2/CO[3]
                         net (fo=1, routed)           0.000    11.257    u_dmem/pc_f_reg[27]_i_2_n_0
    SLICE_X45Y15         CARRY4 (Prop_carry4_CI_O[3])
                                                      0.313    11.570 r  u_dmem/pc_f_reg[31]_i_3/O[3]
                         net (fo=2, routed)           0.788    12.358    u_dmem/u_alu/data0[31]
    SLICE_X43Y15         LUT2 (Prop_lut2_I0_O)        0.332    12.690 r  u_dmem/alu_result_m[31]_i_1/O
                         net (fo=1, routed)           0.000    12.690    alu_result_e[31]
    SLICE_X43Y15         FDCE                                         r  alu_result_m_reg[31]/D
  -------------------------------------------------------------------    -------------------

                         (clock clk rise edge)       10.000    10.000 r  
    M18                                               0.000    10.000 r  clk (IN)
                         net (fo=0)                   0.000    10.000    clk
    M18                  IBUF (Prop_ibuf_I_O)         0.805    10.805 r  clk_IBUF_inst/O
                         net (fo=1, routed)           1.868    12.673    clk_IBUF
    BUFGCTRL_X0Y0        BUFG (Prop_bufg_I_O)         0.091    12.764 r  clk_IBUF_BUFG_inst/O
                         net (fo=530, routed)         1.441    14.205    clk_IBUF_BUFG
    SLICE_X43Y15         FDCE                                         r  alu_result_m_reg[31]/C
                         clock pessimism              0.322    14.527    
                         clock uncertainty           -0.035    14.492    
    SLICE_X43Y15         FDCE (Setup_fdce_C_D)        0.075    14.567    alu_result_m_reg[31]
  -------------------------------------------------------------------
                         required time                         14.567    
                         arrival time                         -12.690    
  -------------------------------------------------------------------
                         slack                                  1.877    

Slack (MET) :             2.037ns  (required time - arrival time)
  Source:                 u_dmem/ram_reg/CLKARDCLK
                            (rising edge-triggered cell RAMB18E1 clocked by clk  {rise@0.000ns fall@5.000ns period=10.000ns})
  Destination:            alu_result_m_reg[0]/D
                            (rising edge-triggered cell FDCE clocked by clk  {rise@0.000ns fall@5.000ns period=10.000ns})
  Path Group:             clk
  Path Type:              Setup (Max at Slow Process Corner)
  Requirement:            10.000ns  (clk rise@10.000ns - clk rise@0.000ns)
  Data Path Delay:        7.921ns  (logic 3.685ns (46.519%)  route 4.236ns (53.481%))
  Logic Levels:           7  (CARRY4=3 LUT3=1 LUT6=3)
  Clock Path Skew:        -0.083ns (DCD - SCD + CPR)
    Destination Clock Delay (DCD):    4.208ns = ( 14.208 - 10.000 ) 
    Source Clock Delay      (SCD):    4.613ns
    Clock Pessimism Removal (CPR):    0.322ns
  Clock Uncertainty:      0.035ns  ((TSJ^2 + TIJ^2)^1/2 + DJ) / 2 + PE
    Total System Jitter     (TSJ):    0.071ns
    Total Input Jitter      (TIJ):    0.000ns
    Discrete Jitter          (DJ):    0.000ns
    Phase Error              (PE):    0.000ns

    Location             Delay type                Incr(ns)  Path(ns)    Netlist Resource(s)
  -------------------------------------------------------------------    -------------------
                         (clock clk rise edge)        0.000     0.000 r  
    M18                                               0.000     0.000 r  clk (IN)
                         net (fo=0)                   0.000     0.000    clk
    M18                  IBUF (Prop_ibuf_I_O)         0.938     0.938 r  clk_IBUF_inst/O
                         net (fo=1, routed)           1.972     2.910    clk_IBUF
    BUFGCTRL_X0Y0        BUFG (Prop_bufg_I_O)         0.096     3.006 r  clk_IBUF_BUFG_inst/O
                         net (fo=530, routed)         1.608     4.613    u_dmem/clk_IBUF_BUFG
    RAMB18_X1Y4          RAMB18E1                                     r  u_dmem/ram_reg/CLKARDCLK
  -------------------------------------------------------------------    -------------------
    RAMB18_X1Y4          RAMB18E1 (Prop_ramb18e1_CLKARDCLK_DOADO[11])
                                                      2.454     7.067 r  u_dmem/ram_reg/DOADO[11]
                         net (fo=1, routed)           1.060     8.127    u_dmem/ram_reg_n_4
    SLICE_X46Y6          LUT6 (Prop_lut6_I4_O)        0.124     8.251 r  u_dmem/dbg_result_OBUF[11]_inst_i_2/O
                         net (fo=7, routed)           0.913     9.165    u_dmem/dbg_result_OBUF[11]
    SLICE_X48Y9          LUT6 (Prop_lut6_I3_O)        0.124     9.289 r  u_dmem/write_data_m[11]_i_1/O
                         net (fo=4, routed)           0.883    10.172    u_dmem/D[11]
    SLICE_X44Y9          LUT6 (Prop_lut6_I2_O)        0.124    10.296 r  u_dmem/result2_carry__0_i_3/O
                         net (fo=1, routed)           0.608    10.903    u_alu/result2_carry__1_0[1]
    SLICE_X47Y10         CARRY4 (Prop_carry4_DI[1]_CO[3])
                                                      0.507    11.410 r  u_alu/result2_carry__0/CO[3]
                         net (fo=1, routed)           0.000    11.410    u_alu/result2_carry__0_n_0
    SLICE_X47Y11         CARRY4 (Prop_carry4_CI_CO[3])
                                                      0.114    11.524 r  u_alu/result2_carry__1/CO[3]
                         net (fo=1, routed)           0.000    11.524    u_alu/result2_carry__1_n_0
    SLICE_X47Y12         CARRY4 (Prop_carry4_CI_CO[3])
                                                      0.114    11.638 r  u_alu/result2_carry__2/CO[3]
                         net (fo=1, routed)           0.772    12.411    u_dmem/CO[0]
    SLICE_X46Y12         LUT3 (Prop_lut3_I0_O)        0.124    12.535 r  u_dmem/alu_result_m[0]_i_1/O
                         net (fo=1, routed)           0.000    12.535    alu_result_e[0]
    SLICE_X46Y12         FDCE                                         r  alu_result_m_reg[0]/D
  -------------------------------------------------------------------    -------------------

                         (clock clk rise edge)       10.000    10.000 r  
    M18                                               0.000    10.000 r  clk (IN)
                         net (fo=0)                   0.000    10.000    clk
    M18                  IBUF (Prop_ibuf_I_O)         0.805    10.805 r  clk_IBUF_inst/O
                         net (fo=1, routed)           1.868    12.673    clk_IBUF
    BUFGCTRL_X0Y0        BUFG (Prop_bufg_I_O)         0.091    12.764 r  clk_IBUF_BUFG_inst/O
                         net (fo=530, routed)         1.444    14.208    clk_IBUF_BUFG
    SLICE_X46Y12         FDCE                                         r  alu_result_m_reg[0]/C
                         clock pessimism              0.322    14.530    
                         clock uncertainty           -0.035    14.495    
    SLICE_X46Y12         FDCE (Setup_fdce_C_D)        0.077    14.572    alu_result_m_reg[0]
  -------------------------------------------------------------------
                         required time                         14.572    
                         arrival time                         -12.535    
  -------------------------------------------------------------------
                         slack                                  2.037    

Slack (MET) :             2.054ns  (required time - arrival time)
  Source:                 u_dmem/ram_reg/CLKARDCLK
                            (rising edge-triggered cell RAMB18E1 clocked by clk  {rise@0.000ns fall@5.000ns period=10.000ns})
  Destination:            pc_f_reg[29]/D
                            (rising edge-triggered cell FDCE clocked by clk  {rise@0.000ns fall@5.000ns period=10.000ns})
  Path Group:             clk
  Path Type:              Setup (Max at Slow Process Corner)
  Requirement:            10.000ns  (clk rise@10.000ns - clk rise@0.000ns)
  Data Path Delay:        7.900ns  (logic 4.679ns (59.228%)  route 3.221ns (40.772%))
  Logic Levels:           12  (CARRY4=8 LUT4=1 LUT6=3)
  Clock Path Skew:        -0.089ns (DCD - SCD + CPR)
    Destination Clock Delay (DCD):    4.202ns = ( 14.202 - 10.000 ) 
    Source Clock Delay      (SCD):    4.613ns
    Clock Pessimism Removal (CPR):    0.322ns
  Clock Uncertainty:      0.035ns  ((TSJ^2 + TIJ^2)^1/2 + DJ) / 2 + PE
    Total System Jitter     (TSJ):    0.071ns
    Total Input Jitter      (TIJ):    0.000ns
    Discrete Jitter          (DJ):    0.000ns
    Phase Error              (PE):    0.000ns

    Location             Delay type                Incr(ns)  Path(ns)    Netlist Resource(s)
  -------------------------------------------------------------------    -------------------
                         (clock clk rise edge)        0.000     0.000 r  
    M18                                               0.000     0.000 r  clk (IN)
                         net (fo=0)                   0.000     0.000    clk
    M18                  IBUF (Prop_ibuf_I_O)         0.938     0.938 r  clk_IBUF_inst/O
                         net (fo=1, routed)           1.972     2.910    clk_IBUF
    BUFGCTRL_X0Y0        BUFG (Prop_bufg_I_O)         0.096     3.006 r  clk_IBUF_BUFG_inst/O
                         net (fo=530, routed)         1.608     4.613    u_dmem/clk_IBUF_BUFG
    RAMB18_X1Y4          RAMB18E1                                     r  u_dmem/ram_reg/CLKARDCLK
  -------------------------------------------------------------------    -------------------
    RAMB18_X1Y4          RAMB18E1 (Prop_ramb18e1_CLKARDCLK_DOADO[0])
                                                      2.454     7.067 r  u_dmem/ram_reg/DOADO[0]
                         net (fo=1, routed)           1.311     8.379    u_dmem/ram_reg_n_15
    SLICE_X44Y7          LUT6 (Prop_lut6_I1_O)        0.124     8.503 r  u_dmem/dbg_result_OBUF[0]_inst_i_2/O
                         net (fo=8, routed)           0.729     9.231    u_dmem/dbg_result_OBUF[0]
    SLICE_X47Y6          LUT6 (Prop_lut6_I0_O)        0.124     9.355 r  u_dmem/write_data_m[0]_i_1/O
                         net (fo=3, routed)           0.562     9.917    u_alu/D[0]
    SLICE_X45Y8          LUT4 (Prop_lut4_I1_O)        0.124    10.041 r  u_alu/pc_f[3]_i_7/O
                         net (fo=1, routed)           0.000    10.041    u_dmem/pc_f_reg[3][0]
    SLICE_X45Y8          CARRY4 (Prop_carry4_S[0]_CO[3])
                                                      0.532    10.573 r  u_dmem/pc_f_reg[3]_i_2/CO[3]
                         net (fo=1, routed)           0.000    10.573    u_dmem/pc_f_reg[3]_i_2_n_0
    SLICE_X45Y9          CARRY4 (Prop_carry4_CI_CO[3])
                                                      0.114    10.687 r  u_dmem/pc_f_reg[7]_i_2/CO[3]
                         net (fo=1, routed)           0.000    10.687    u_dmem/pc_f_reg[7]_i_2_n_0
    SLICE_X45Y10         CARRY4 (Prop_carry4_CI_CO[3])
                                                      0.114    10.801 r  u_dmem/pc_f_reg[11]_i_2/CO[3]
                         net (fo=1, routed)           0.000    10.801    u_dmem/pc_f_reg[11]_i_2_n_0
    SLICE_X45Y11         CARRY4 (Prop_carry4_CI_CO[3])
                                                      0.114    10.915 r  u_dmem/pc_f_reg[15]_i_2/CO[3]
                         net (fo=1, routed)           0.000    10.915    u_dmem/pc_f_reg[15]_i_2_n_0
    SLICE_X45Y12         CARRY4 (Prop_carry4_CI_CO[3])
                                                      0.114    11.029 r  u_dmem/pc_f_reg[19]_i_2/CO[3]
                         net (fo=1, routed)           0.000    11.029    u_dmem/pc_f_reg[19]_i_2_n_0
    SLICE_X45Y13         CARRY4 (Prop_carry4_CI_CO[3])
                                                      0.114    11.143 r  u_dmem/pc_f_reg[23]_i_2/CO[3]
                         net (fo=1, routed)           0.000    11.143    u_dmem/pc_f_reg[23]_i_2_n_0
    SLICE_X45Y14         CARRY4 (Prop_carry4_CI_CO[3])
                                                      0.114    11.257 r  u_dmem/pc_f_reg[27]_i_2/CO[3]
                         net (fo=1, routed)           0.000    11.257    u_dmem/pc_f_reg[27]_i_2_n_0
    SLICE_X45Y15         CARRY4 (Prop_carry4_CI_O[1])
                                                      0.334    11.591 r  u_dmem/pc_f_reg[31]_i_3/O[1]
                         net (fo=2, routed)           0.619    12.210    u_dmem/u_alu/data0[29]
    SLICE_X38Y16         LUT6 (Prop_lut6_I0_O)        0.303    12.513 r  u_dmem/pc_f[29]_i_1/O
                         net (fo=1, routed)           0.000    12.513    pc_next_f[29]
    SLICE_X38Y16         FDCE                                         r  pc_f_reg[29]/D
  -------------------------------------------------------------------    -------------------

                         (clock clk rise edge)       10.000    10.000 r  
    M18                                               0.000    10.000 r  clk (IN)
                         net (fo=0)                   0.000    10.000    clk
    M18                  IBUF (Prop_ibuf_I_O)         0.805    10.805 r  clk_IBUF_inst/O
                         net (fo=1, routed)           1.868    12.673    clk_IBUF
    BUFGCTRL_X0Y0        BUFG (Prop_bufg_I_O)         0.091    12.764 r  clk_IBUF_BUFG_inst/O
                         net (fo=530, routed)         1.438    14.202    clk_IBUF_BUFG
    SLICE_X38Y16         FDCE                                         r  pc_f_reg[29]/C
                         clock pessimism              0.322    14.524    
                         clock uncertainty           -0.035    14.489    
    SLICE_X38Y16         FDCE (Setup_fdce_C_D)        0.079    14.568    pc_f_reg[29]
  -------------------------------------------------------------------
                         required time                         14.568    
                         arrival time                         -12.513    
  -------------------------------------------------------------------
                         slack                                  2.054    

Slack (MET) :             2.104ns  (required time - arrival time)
  Source:                 u_dmem/ram_reg/CLKARDCLK
                            (rising edge-triggered cell RAMB18E1 clocked by clk  {rise@0.000ns fall@5.000ns period=10.000ns})
  Destination:            alu_result_m_reg[27]/D
                            (rising edge-triggered cell FDCE clocked by clk  {rise@0.000ns fall@5.000ns period=10.000ns})
  Path Group:             clk
  Path Type:              Setup (Max at Slow Process Corner)
  Requirement:            10.000ns  (clk rise@10.000ns - clk rise@0.000ns)
  Data Path Delay:        7.852ns  (logic 4.575ns (58.269%)  route 3.277ns (41.731%))
  Logic Levels:           11  (CARRY4=7 LUT2=1 LUT4=1 LUT6=2)
  Clock Path Skew:        -0.084ns (DCD - SCD + CPR)
    Destination Clock Delay (DCD):    4.207ns = ( 14.207 - 10.000 ) 
    Source Clock Delay      (SCD):    4.613ns
    Clock Pessimism Removal (CPR):    0.322ns
  Clock Uncertainty:      0.035ns  ((TSJ^2 + TIJ^2)^1/2 + DJ) / 2 + PE
    Total System Jitter     (TSJ):    0.071ns
    Total Input Jitter      (TIJ):    0.000ns
    Discrete Jitter          (DJ):    0.000ns
    Phase Error              (PE):    0.000ns

    Location             Delay type                Incr(ns)  Path(ns)    Netlist Resource(s)
  -------------------------------------------------------------------    -------------------
                         (clock clk rise edge)        0.000     0.000 r  
    M18                                               0.000     0.000 r  clk (IN)
                         net (fo=0)                   0.000     0.000    clk
    M18                  IBUF (Prop_ibuf_I_O)         0.938     0.938 r  clk_IBUF_inst/O
                         net (fo=1, routed)           1.972     2.910    clk_IBUF
    BUFGCTRL_X0Y0        BUFG (Prop_bufg_I_O)         0.096     3.006 r  clk_IBUF_BUFG_inst/O
                         net (fo=530, routed)         1.608     4.613    u_dmem/clk_IBUF_BUFG
    RAMB18_X1Y4          RAMB18E1                                     r  u_dmem/ram_reg/CLKARDCLK
  -------------------------------------------------------------------    -------------------
    RAMB18_X1Y4          RAMB18E1 (Prop_ramb18e1_CLKARDCLK_DOADO[0])
                                                      2.454     7.067 r  u_dmem/ram_reg/DOADO[0]
                         net (fo=1, routed)           1.311     8.379    u_dmem/ram_reg_n_15
    SLICE_X44Y7          LUT6 (Prop_lut6_I1_O)        0.124     8.503 r  u_dmem/dbg_result_OBUF[0]_inst_i_2/O
                         net (fo=8, routed)           0.729     9.231    u_dmem/dbg_result_OBUF[0]
    SLICE_X47Y6          LUT6 (Prop_lut6_I0_O)        0.124     9.355 r  u_dmem/write_data_m[0]_i_1/O
                         net (fo=3, routed)           0.562     9.917    u_alu/D[0]
    SLICE_X45Y8          LUT4 (Prop_lut4_I1_O)        0.124    10.041 r  u_alu/pc_f[3]_i_7/O
                         net (fo=1, routed)           0.000    10.041    u_dmem/pc_f_reg[3][0]
    SLICE_X45Y8          CARRY4 (Prop_carry4_S[0]_CO[3])
                                                      0.532    10.573 r  u_dmem/pc_f_reg[3]_i_2/CO[3]
                         net (fo=1, routed)           0.000    10.573    u_dmem/pc_f_reg[3]_i_2_n_0
    SLICE_X45Y9          CARRY4 (Prop_carry4_CI_CO[3])
                                                      0.114    10.687 r  u_dmem/pc_f_reg[7]_i_2/CO[3]
                         net (fo=1, routed)           0.000    10.687    u_dmem/pc_f_reg[7]_i_2_n_0
    SLICE_X45Y10         CARRY4 (Prop_carry4_CI_CO[3])
                                                      0.114    10.801 r  u_dmem/pc_f_reg[11]_i_2/CO[3]
                         net (fo=1, routed)           0.000    10.801    u_dmem/pc_f_reg[11]_i_2_n_0
    SLICE_X45Y11         CARRY4 (Prop_carry4_CI_CO[3])
                                                      0.114    10.915 r  u_dmem/pc_f_reg[15]_i_2/CO[3]
                         net (fo=1, routed)           0.000    10.915    u_dmem/pc_f_reg[15]_i_2_n_0
    SLICE_X45Y12         CARRY4 (Prop_carry4_CI_CO[3])
                                                      0.114    11.029 r  u_dmem/pc_f_reg[19]_i_2/CO[3]
                         net (fo=1, routed)           0.000    11.029    u_dmem/pc_f_reg[19]_i_2_n_0
    SLICE_X45Y13         CARRY4 (Prop_carry4_CI_CO[3])
                                                      0.114    11.143 r  u_dmem/pc_f_reg[23]_i_2/CO[3]
                         net (fo=1, routed)           0.000    11.143    u_dmem/pc_f_reg[23]_i_2_n_0
    SLICE_X45Y14         CARRY4 (Prop_carry4_CI_O[3])
                                                      0.313    11.456 r  u_dmem/pc_f_reg[27]_i_2/O[3]
                         net (fo=2, routed)           0.675    12.131    u_dmem/u_alu/data0[27]
    SLICE_X44Y14         LUT2 (Prop_lut2_I0_O)        0.334    12.465 r  u_dmem/alu_result_m[27]_i_1/O
                         net (fo=1, routed)           0.000    12.465    alu_result_e[27]
    SLICE_X44Y14         FDCE                                         r  alu_result_m_reg[27]/D
  -------------------------------------------------------------------    -------------------

                         (clock clk rise edge)       10.000    10.000 r  
    M18                                               0.000    10.000 r  clk (IN)
                         net (fo=0)                   0.000    10.000    clk
    M18                  IBUF (Prop_ibuf_I_O)         0.805    10.805 r  clk_IBUF_inst/O
                         net (fo=1, routed)           1.868    12.673    clk_IBUF
    BUFGCTRL_X0Y0        BUFG (Prop_bufg_I_O)         0.091    12.764 r  clk_IBUF_BUFG_inst/O
                         net (fo=530, routed)         1.443    14.207    clk_IBUF_BUFG
    SLICE_X44Y14         FDCE                                         r  alu_result_m_reg[27]/C
                         clock pessimism              0.322    14.529    
                         clock uncertainty           -0.035    14.494    
    SLICE_X44Y14         FDCE (Setup_fdce_C_D)        0.075    14.569    alu_result_m_reg[27]
  -------------------------------------------------------------------
                         required time                         14.569    
                         arrival time                         -12.465    
  -------------------------------------------------------------------
                         slack                                  2.104    

Slack (MET) :             2.122ns  (required time - arrival time)
  Source:                 u_dmem/ram_reg/CLKARDCLK
                            (rising edge-triggered cell RAMB18E1 clocked by clk  {rise@0.000ns fall@5.000ns period=10.000ns})
  Destination:            alu_result_m_reg[28]/D
                            (rising edge-triggered cell FDCE clocked by clk  {rise@0.000ns fall@5.000ns period=10.000ns})
  Path Group:             clk
  Path Type:              Setup (Max at Slow Process Corner)
  Requirement:            10.000ns  (clk rise@10.000ns - clk rise@0.000ns)
  Data Path Delay:        7.832ns  (logic 4.557ns (58.183%)  route 3.275ns (41.817%))
  Logic Levels:           12  (CARRY4=8 LUT2=1 LUT4=1 LUT6=2)
  Clock Path Skew:        -0.085ns (DCD - SCD + CPR)
    Destination Clock Delay (DCD):    4.206ns = ( 14.206 - 10.000 ) 
    Source Clock Delay      (SCD):    4.613ns
    Clock Pessimism Removal (CPR):    0.322ns
  Clock Uncertainty:      0.035ns  ((TSJ^2 + TIJ^2)^1/2 + DJ) / 2 + PE
    Total System Jitter     (TSJ):    0.071ns
    Total Input Jitter      (TIJ):    0.000ns
    Discrete Jitter          (DJ):    0.000ns
    Phase Error              (PE):    0.000ns

    Location             Delay type                Incr(ns)  Path(ns)    Netlist Resource(s)
  -------------------------------------------------------------------    -------------------
                         (clock clk rise edge)        0.000     0.000 r  
    M18                                               0.000     0.000 r  clk (IN)
                         net (fo=0)                   0.000     0.000    clk
    M18                  IBUF (Prop_ibuf_I_O)         0.938     0.938 r  clk_IBUF_inst/O
                         net (fo=1, routed)           1.972     2.910    clk_IBUF
    BUFGCTRL_X0Y0        BUFG (Prop_bufg_I_O)         0.096     3.006 r  clk_IBUF_BUFG_inst/O
                         net (fo=530, routed)         1.608     4.613    u_dmem/clk_IBUF_BUFG
    RAMB18_X1Y4          RAMB18E1                                     r  u_dmem/ram_reg/CLKARDCLK
  -------------------------------------------------------------------    -------------------
    RAMB18_X1Y4          RAMB18E1 (Prop_ramb18e1_CLKARDCLK_DOADO[0])
                                                      2.454     7.067 r  u_dmem/ram_reg/DOADO[0]
                         net (fo=1, routed)           1.311     8.379    u_dmem/ram_reg_n_15
    SLICE_X44Y7          LUT6 (Prop_lut6_I1_O)        0.124     8.503 r  u_dmem/dbg_result_OBUF[0]_inst_i_2/O
                         net (fo=8, routed)           0.729     9.231    u_dmem/dbg_result_OBUF[0]
    SLICE_X47Y6          LUT6 (Prop_lut6_I0_O)        0.124     9.355 r  u_dmem/write_data_m[0]_i_1/O
                         net (fo=3, routed)           0.562     9.917    u_alu/D[0]
    SLICE_X45Y8          LUT4 (Prop_lut4_I1_O)        0.124    10.041 r  u_alu/pc_f[3]_i_7/O
                         net (fo=1, routed)           0.000    10.041    u_dmem/pc_f_reg[3][0]
    SLICE_X45Y8          CARRY4 (Prop_carry4_S[0]_CO[3])
                                                      0.532    10.573 r  u_dmem/pc_f_reg[3]_i_2/CO[3]
                         net (fo=1, routed)           0.000    10.573    u_dmem/pc_f_reg[3]_i_2_n_0
    SLICE_X45Y9          CARRY4 (Prop_carry4_CI_CO[3])
                                                      0.114    10.687 r  u_dmem/pc_f_reg[7]_i_2/CO[3]
                         net (fo=1, routed)           0.000    10.687    u_dmem/pc_f_reg[7]_i_2_n_0
    SLICE_X45Y10         CARRY4 (Prop_carry4_CI_CO[3])
                                                      0.114    10.801 r  u_dmem/pc_f_reg[11]_i_2/CO[3]
                         net (fo=1, routed)           0.000    10.801    u_dmem/pc_f_reg[11]_i_2_n_0
    SLICE_X45Y11         CARRY4 (Prop_carry4_CI_CO[3])
                                                      0.114    10.915 r  u_dmem/pc_f_reg[15]_i_2/CO[3]
                         net (fo=1, routed)           0.000    10.915    u_dmem/pc_f_reg[15]_i_2_n_0
    SLICE_X45Y12         CARRY4 (Prop_carry4_CI_CO[3])
                                                      0.114    11.029 r  u_dmem/pc_f_reg[19]_i_2/CO[3]
                         net (fo=1, routed)           0.000    11.029    u_dmem/pc_f_reg[19]_i_2_n_0
    SLICE_X45Y13         CARRY4 (Prop_carry4_CI_CO[3])
                                                      0.114    11.143 r  u_dmem/pc_f_reg[23]_i_2/CO[3]
                         net (fo=1, routed)           0.000    11.143    u_dmem/pc_f_reg[23]_i_2_n_0
    SLICE_X45Y14         CARRY4 (Prop_carry4_CI_CO[3])
                                                      0.114    11.257 r  u_dmem/pc_f_reg[27]_i_2/CO[3]
                         net (fo=1, routed)           0.000    11.257    u_dmem/pc_f_reg[27]_i_2_n_0
    SLICE_X45Y15         CARRY4 (Prop_carry4_CI_O[0])
                                                      0.222    11.479 r  u_dmem/pc_f_reg[31]_i_3/O[0]
                         net (fo=2, routed)           0.673    12.153    u_dmem/u_alu/data0[28]
    SLICE_X44Y15         LUT2 (Prop_lut2_I0_O)        0.293    12.446 r  u_dmem/alu_result_m[28]_i_1/O
                         net (fo=1, routed)           0.000    12.446    alu_result_e[28]
    SLICE_X44Y15         FDCE                                         r  alu_result_m_reg[28]/D
  -------------------------------------------------------------------    -------------------

                         (clock clk rise edge)       10.000    10.000 r  
    M18                                               0.000    10.000 r  clk (IN)
                         net (fo=0)                   0.000    10.000    clk
    M18                  IBUF (Prop_ibuf_I_O)         0.805    10.805 r  clk_IBUF_inst/O
                         net (fo=1, routed)           1.868    12.673    clk_IBUF
    BUFGCTRL_X0Y0        BUFG (Prop_bufg_I_O)         0.091    12.764 r  clk_IBUF_BUFG_inst/O
                         net (fo=530, routed)         1.442    14.206    clk_IBUF_BUFG
    SLICE_X44Y15         FDCE                                         r  alu_result_m_reg[28]/C
                         clock pessimism              0.322    14.528    
                         clock uncertainty           -0.035    14.493    
    SLICE_X44Y15         FDCE (Setup_fdce_C_D)        0.075    14.568    alu_result_m_reg[28]
  -------------------------------------------------------------------
                         required time                         14.568    
                         arrival time                         -12.446    
  -------------------------------------------------------------------
                         slack                                  2.122    

Slack (MET) :             2.134ns  (required time - arrival time)
  Source:                 u_dmem/ram_reg/CLKARDCLK
                            (rising edge-triggered cell RAMB18E1 clocked by clk  {rise@0.000ns fall@5.000ns period=10.000ns})
  Destination:            pc_f_reg[30]/D
                            (rising edge-triggered cell FDCE clocked by clk  {rise@0.000ns fall@5.000ns period=10.000ns})
  Path Group:             clk
  Path Type:              Setup (Max at Slow Process Corner)
  Requirement:            10.000ns  (clk rise@10.000ns - clk rise@0.000ns)
  Data Path Delay:        7.820ns  (logic 4.583ns (58.608%)  route 3.237ns (41.392%))
  Logic Levels:           12  (CARRY4=8 LUT4=1 LUT6=3)
  Clock Path Skew:        -0.089ns (DCD - SCD + CPR)
    Destination Clock Delay (DCD):    4.202ns = ( 14.202 - 10.000 ) 
    Source Clock Delay      (SCD):    4.613ns
    Clock Pessimism Removal (CPR):    0.322ns
  Clock Uncertainty:      0.035ns  ((TSJ^2 + TIJ^2)^1/2 + DJ) / 2 + PE
    Total System Jitter     (TSJ):    0.071ns
    Total Input Jitter      (TIJ):    0.000ns
    Discrete Jitter          (DJ):    0.000ns
    Phase Error              (PE):    0.000ns

    Location             Delay type                Incr(ns)  Path(ns)    Netlist Resource(s)
  -------------------------------------------------------------------    -------------------
                         (clock clk rise edge)        0.000     0.000 r  
    M18                                               0.000     0.000 r  clk (IN)
                         net (fo=0)                   0.000     0.000    clk
    M18                  IBUF (Prop_ibuf_I_O)         0.938     0.938 r  clk_IBUF_inst/O
                         net (fo=1, routed)           1.972     2.910    clk_IBUF
    BUFGCTRL_X0Y0        BUFG (Prop_bufg_I_O)         0.096     3.006 r  clk_IBUF_BUFG_inst/O
                         net (fo=530, routed)         1.608     4.613    u_dmem/clk_IBUF_BUFG
    RAMB18_X1Y4          RAMB18E1                                     r  u_dmem/ram_reg/CLKARDCLK
  -------------------------------------------------------------------    -------------------
    RAMB18_X1Y4          RAMB18E1 (Prop_ramb18e1_CLKARDCLK_DOADO[0])
                                                      2.454     7.067 r  u_dmem/ram_reg/DOADO[0]
                         net (fo=1, routed)           1.311     8.379    u_dmem/ram_reg_n_15
    SLICE_X44Y7          LUT6 (Prop_lut6_I1_O)        0.124     8.503 r  u_dmem/dbg_result_OBUF[0]_inst_i_2/O
                         net (fo=8, routed)           0.729     9.231    u_dmem/dbg_result_OBUF[0]
    SLICE_X47Y6          LUT6 (Prop_lut6_I0_O)        0.124     9.355 r  u_dmem/write_data_m[0]_i_1/O
                         net (fo=3, routed)           0.562     9.917    u_alu/D[0]
    SLICE_X45Y8          LUT4 (Prop_lut4_I1_O)        0.124    10.041 r  u_alu/pc_f[3]_i_7/O
                         net (fo=1, routed)           0.000    10.041    u_dmem/pc_f_reg[3][0]
    SLICE_X45Y8          CARRY4 (Prop_carry4_S[0]_CO[3])
                                                      0.532    10.573 r  u_dmem/pc_f_reg[3]_i_2/CO[3]
                         net (fo=1, routed)           0.000    10.573    u_dmem/pc_f_reg[3]_i_2_n_0
    SLICE_X45Y9          CARRY4 (Prop_carry4_CI_CO[3])
                                                      0.114    10.687 r  u_dmem/pc_f_reg[7]_i_2/CO[3]
                         net (fo=1, routed)           0.000    10.687    u_dmem/pc_f_reg[7]_i_2_n_0
    SLICE_X45Y10         CARRY4 (Prop_carry4_CI_CO[3])
                                                      0.114    10.801 r  u_dmem/pc_f_reg[11]_i_2/CO[3]
                         net (fo=1, routed)           0.000    10.801    u_dmem/pc_f_reg[11]_i_2_n_0
    SLICE_X45Y11         CARRY4 (Prop_carry4_CI_CO[3])
                                                      0.114    10.915 r  u_dmem/pc_f_reg[15]_i_2/CO[3]
                         net (fo=1, routed)           0.000    10.915    u_dmem/pc_f_reg[15]_i_2_n_0
    SLICE_X45Y12         CARRY4 (Prop_carry4_CI_CO[3])
                                                      0.114    11.029 r  u_dmem/pc_f_reg[19]_i_2/CO[3]
                         net (fo=1, routed)           0.000    11.029    u_dmem/pc_f_reg[19]_i_2_n_0
    SLICE_X45Y13         CARRY4 (Prop_carry4_CI_CO[3])
                                                      0.114    11.143 r  u_dmem/pc_f_reg[23]_i_2/CO[3]
                         net (fo=1, routed)           0.000    11.143    u_dmem/pc_f_reg[23]_i_2_n_0
    SLICE_X45Y14         CARRY4 (Prop_carry4_CI_CO[3])
                                                      0.114    11.257 r  u_dmem/pc_f_reg[27]_i_2/CO[3]
                         net (fo=1, routed)           0.000    11.257    u_dmem/pc_f_reg[27]_i_2_n_0
    SLICE_X45Y15         CARRY4 (Prop_carry4_CI_O[2])
                                                      0.239    11.496 r  u_dmem/pc_f_reg[31]_i_3/O[2]
                         net (fo=2, routed)           0.635    12.131    u_dmem/u_alu/data0[30]
    SLICE_X38Y16         LUT6 (Prop_lut6_I0_O)        0.302    12.433 r  u_dmem/pc_f[30]_i_1/O
                         net (fo=1, routed)           0.000    12.433    pc_next_f[30]
    SLICE_X38Y16         FDCE                                         r  pc_f_reg[30]/D
  -------------------------------------------------------------------    -------------------

                         (clock clk rise edge)       10.000    10.000 r  
    M18                                               0.000    10.000 r  clk (IN)
                         net (fo=0)                   0.000    10.000    clk
    M18                  IBUF (Prop_ibuf_I_O)         0.805    10.805 r  clk_IBUF_inst/O
                         net (fo=1, routed)           1.868    12.673    clk_IBUF
    BUFGCTRL_X0Y0        BUFG (Prop_bufg_I_O)         0.091    12.764 r  clk_IBUF_BUFG_inst/O
                         net (fo=530, routed)         1.438    14.202    clk_IBUF_BUFG
    SLICE_X38Y16         FDCE                                         r  pc_f_reg[30]/C
                         clock pessimism              0.322    14.524    
                         clock uncertainty           -0.035    14.489    
    SLICE_X38Y16         FDCE (Setup_fdce_C_D)        0.079    14.568    pc_f_reg[30]
  -------------------------------------------------------------------
                         required time                         14.568    
                         arrival time                         -12.433    
  -------------------------------------------------------------------
                         slack                                  2.134    

Slack (MET) :             2.135ns  (required time - arrival time)
  Source:                 u_dmem/ram_reg/CLKARDCLK
                            (rising edge-triggered cell RAMB18E1 clocked by clk  {rise@0.000ns fall@5.000ns period=10.000ns})
  Destination:            alu_result_m_reg[24]/D
                            (rising edge-triggered cell FDCE clocked by clk  {rise@0.000ns fall@5.000ns period=10.000ns})
  Path Group:             clk
  Path Type:              Setup (Max at Slow Process Corner)
  Requirement:            10.000ns  (clk rise@10.000ns - clk rise@0.000ns)
  Data Path Delay:        7.818ns  (logic 4.475ns (57.242%)  route 3.343ns (42.758%))
  Logic Levels:           11  (CARRY4=7 LUT2=1 LUT4=1 LUT6=2)
  Clock Path Skew:        -0.086ns (DCD - SCD + CPR)
    Destination Clock Delay (DCD):    4.205ns = ( 14.205 - 10.000 ) 
    Source Clock Delay      (SCD):    4.613ns
    Clock Pessimism Removal (CPR):    0.322ns
  Clock Uncertainty:      0.035ns  ((TSJ^2 + TIJ^2)^1/2 + DJ) / 2 + PE
    Total System Jitter     (TSJ):    0.071ns
    Total Input Jitter      (TIJ):    0.000ns
    Discrete Jitter          (DJ):    0.000ns
    Phase Error              (PE):    0.000ns

    Location             Delay type                Incr(ns)  Path(ns)    Netlist Resource(s)
  -------------------------------------------------------------------    -------------------
                         (clock clk rise edge)        0.000     0.000 r  
    M18                                               0.000     0.000 r  clk (IN)
                         net (fo=0)                   0.000     0.000    clk
    M18                  IBUF (Prop_ibuf_I_O)         0.938     0.938 r  clk_IBUF_inst/O
                         net (fo=1, routed)           1.972     2.910    clk_IBUF
    BUFGCTRL_X0Y0        BUFG (Prop_bufg_I_O)         0.096     3.006 r  clk_IBUF_BUFG_inst/O
                         net (fo=530, routed)         1.608     4.613    u_dmem/clk_IBUF_BUFG
    RAMB18_X1Y4          RAMB18E1                                     r  u_dmem/ram_reg/CLKARDCLK
  -------------------------------------------------------------------    -------------------
    RAMB18_X1Y4          RAMB18E1 (Prop_ramb18e1_CLKARDCLK_DOADO[0])
                                                      2.454     7.067 r  u_dmem/ram_reg/DOADO[0]
                         net (fo=1, routed)           1.311     8.379    u_dmem/ram_reg_n_15
    SLICE_X44Y7          LUT6 (Prop_lut6_I1_O)        0.124     8.503 r  u_dmem/dbg_result_OBUF[0]_inst_i_2/O
                         net (fo=8, routed)           0.729     9.231    u_dmem/dbg_result_OBUF[0]
    SLICE_X47Y6          LUT6 (Prop_lut6_I0_O)        0.124     9.355 r  u_dmem/write_data_m[0]_i_1/O
                         net (fo=3, routed)           0.562     9.917    u_alu/D[0]
    SLICE_X45Y8          LUT4 (Prop_lut4_I1_O)        0.124    10.041 r  u_alu/pc_f[3]_i_7/O
                         net (fo=1, routed)           0.000    10.041    u_dmem/pc_f_reg[3][0]
    SLICE_X45Y8          CARRY4 (Prop_carry4_S[0]_CO[3])
                                                      0.532    10.573 r  u_dmem/pc_f_reg[3]_i_2/CO[3]
                         net (fo=1, routed)           0.000    10.573    u_dmem/pc_f_reg[3]_i_2_n_0
    SLICE_X45Y9          CARRY4 (Prop_carry4_CI_CO[3])
                                                      0.114    10.687 r  u_dmem/pc_f_reg[7]_i_2/CO[3]
                         net (fo=1, routed)           0.000    10.687    u_dmem/pc_f_reg[7]_i_2_n_0
    SLICE_X45Y10         CARRY4 (Prop_carry4_CI_CO[3])
                                                      0.114    10.801 r  u_dmem/pc_f_reg[11]_i_2/CO[3]
                         net (fo=1, routed)           0.000    10.801    u_dmem/pc_f_reg[11]_i_2_n_0
    SLICE_X45Y11         CARRY4 (Prop_carry4_CI_CO[3])
                                                      0.114    10.915 r  u_dmem/pc_f_reg[15]_i_2/CO[3]
                         net (fo=1, routed)           0.000    10.915    u_dmem/pc_f_reg[15]_i_2_n_0
    SLICE_X45Y12         CARRY4 (Prop_carry4_CI_CO[3])
                                                      0.114    11.029 r  u_dmem/pc_f_reg[19]_i_2/CO[3]
                         net (fo=1, routed)           0.000    11.029    u_dmem/pc_f_reg[19]_i_2_n_0
    SLICE_X45Y13         CARRY4 (Prop_carry4_CI_CO[3])
                                                      0.114    11.143 r  u_dmem/pc_f_reg[23]_i_2/CO[3]
                         net (fo=1, routed)           0.000    11.143    u_dmem/pc_f_reg[23]_i_2_n_0
    SLICE_X45Y14         CARRY4 (Prop_carry4_CI_O[0])
                                                      0.222    11.365 r  u_dmem/pc_f_reg[27]_i_2/O[0]
                         net (fo=2, routed)           0.741    12.106    u_dmem/u_alu/data0[24]
    SLICE_X43Y15         LUT2 (Prop_lut2_I0_O)        0.325    12.431 r  u_dmem/alu_result_m[24]_i_1/O
                         net (fo=1, routed)           0.000    12.431    alu_result_e[24]
    SLICE_X43Y15         FDCE                                         r  alu_result_m_reg[24]/D
  -------------------------------------------------------------------    -------------------

                         (clock clk rise edge)       10.000    10.000 r  
    M18                                               0.000    10.000 r  clk (IN)
                         net (fo=0)                   0.000    10.000    clk
    M18                  IBUF (Prop_ibuf_I_O)         0.805    10.805 r  clk_IBUF_inst/O
                         net (fo=1, routed)           1.868    12.673    clk_IBUF
    BUFGCTRL_X0Y0        BUFG (Prop_bufg_I_O)         0.091    12.764 r  clk_IBUF_BUFG_inst/O
                         net (fo=530, routed)         1.441    14.205    clk_IBUF_BUFG
    SLICE_X43Y15         FDCE                                         r  alu_result_m_reg[24]/C
                         clock pessimism              0.322    14.527    
                         clock uncertainty           -0.035    14.492    
    SLICE_X43Y15         FDCE (Setup_fdce_C_D)        0.075    14.567    alu_result_m_reg[24]
  -------------------------------------------------------------------
                         required time                         14.567    
                         arrival time                         -12.431    
  -------------------------------------------------------------------
                         slack                                  2.135    

Slack (MET) :             2.136ns  (required time - arrival time)
  Source:                 u_dmem/ram_reg/CLKARDCLK
                            (rising edge-triggered cell RAMB18E1 clocked by clk  {rise@0.000ns fall@5.000ns period=10.000ns})
  Destination:            alu_result_m_reg[25]/D
                            (rising edge-triggered cell FDCE clocked by clk  {rise@0.000ns fall@5.000ns period=10.000ns})
  Path Group:             clk
  Path Type:              Setup (Max at Slow Process Corner)
  Requirement:            10.000ns  (clk rise@10.000ns - clk rise@0.000ns)
  Data Path Delay:        7.772ns  (logic 4.565ns (58.739%)  route 3.207ns (41.261%))
  Logic Levels:           11  (CARRY4=7 LUT2=1 LUT4=1 LUT6=2)
  Clock Path Skew:        -0.085ns (DCD - SCD + CPR)
    Destination Clock Delay (DCD):    4.206ns = ( 14.206 - 10.000 ) 
    Source Clock Delay      (SCD):    4.613ns
    Clock Pessimism Removal (CPR):    0.322ns
  Clock Uncertainty:      0.035ns  ((TSJ^2 + TIJ^2)^1/2 + DJ) / 2 + PE
    Total System Jitter     (TSJ):    0.071ns
    Total Input Jitter      (TIJ):    0.000ns
    Discrete Jitter          (DJ):    0.000ns
    Phase Error              (PE):    0.000ns

    Location             Delay type                Incr(ns)  Path(ns)    Netlist Resource(s)
  -------------------------------------------------------------------    -------------------
                         (clock clk rise edge)        0.000     0.000 r  
    M18                                               0.000     0.000 r  clk (IN)
                         net (fo=0)                   0.000     0.000    clk
    M18                  IBUF (Prop_ibuf_I_O)         0.938     0.938 r  clk_IBUF_inst/O
                         net (fo=1, routed)           1.972     2.910    clk_IBUF
    BUFGCTRL_X0Y0        BUFG (Prop_bufg_I_O)         0.096     3.006 r  clk_IBUF_BUFG_inst/O
                         net (fo=530, routed)         1.608     4.613    u_dmem/clk_IBUF_BUFG
    RAMB18_X1Y4          RAMB18E1                                     r  u_dmem/ram_reg/CLKARDCLK
  -------------------------------------------------------------------    -------------------
    RAMB18_X1Y4          RAMB18E1 (Prop_ramb18e1_CLKARDCLK_DOADO[0])
                                                      2.454     7.067 r  u_dmem/ram_reg/DOADO[0]
                         net (fo=1, routed)           1.311     8.379    u_dmem/ram_reg_n_15
    SLICE_X44Y7          LUT6 (Prop_lut6_I1_O)        0.124     8.503 r  u_dmem/dbg_result_OBUF[0]_inst_i_2/O
                         net (fo=8, routed)           0.729     9.231    u_dmem/dbg_result_OBUF[0]
    SLICE_X47Y6          LUT6 (Prop_lut6_I0_O)        0.124     9.355 r  u_dmem/write_data_m[0]_i_1/O
                         net (fo=3, routed)           0.562     9.917    u_alu/D[0]
    SLICE_X45Y8          LUT4 (Prop_lut4_I1_O)        0.124    10.041 r  u_alu/pc_f[3]_i_7/O
                         net (fo=1, routed)           0.000    10.041    u_dmem/pc_f_reg[3][0]
    SLICE_X45Y8          CARRY4 (Prop_carry4_S[0]_CO[3])
                                                      0.532    10.573 r  u_dmem/pc_f_reg[3]_i_2/CO[3]
                         net (fo=1, routed)           0.000    10.573    u_dmem/pc_f_reg[3]_i_2_n_0
    SLICE_X45Y9          CARRY4 (Prop_carry4_CI_CO[3])
                                                      0.114    10.687 r  u_dmem/pc_f_reg[7]_i_2/CO[3]
                         net (fo=1, routed)           0.000    10.687    u_dmem/pc_f_reg[7]_i_2_n_0
    SLICE_X45Y10         CARRY4 (Prop_carry4_CI_CO[3])
                                                      0.114    10.801 r  u_dmem/pc_f_reg[11]_i_2/CO[3]
                         net (fo=1, routed)           0.000    10.801    u_dmem/pc_f_reg[11]_i_2_n_0
    SLICE_X45Y11         CARRY4 (Prop_carry4_CI_CO[3])
                                                      0.114    10.915 r  u_dmem/pc_f_reg[15]_i_2/CO[3]
                         net (fo=1, routed)           0.000    10.915    u_dmem/pc_f_reg[15]_i_2_n_0
    SLICE_X45Y12         CARRY4 (Prop_carry4_CI_CO[3])
                                                      0.114    11.029 r  u_dmem/pc_f_reg[19]_i_2/CO[3]
                         net (fo=1, routed)           0.000    11.029    u_dmem/pc_f_reg[19]_i_2_n_0
    SLICE_X45Y13         CARRY4 (Prop_carry4_CI_CO[3])
                                                      0.114    11.143 r  u_dmem/pc_f_reg[23]_i_2/CO[3]
                         net (fo=1, routed)           0.000    11.143    u_dmem/pc_f_reg[23]_i_2_n_0
    SLICE_X45Y14         CARRY4 (Prop_carry4_CI_O[1])
                                                      0.334    11.477 r  u_dmem/pc_f_reg[27]_i_2/O[1]
                         net (fo=2, routed)           0.605    12.082    u_dmem/u_alu/data0[25]
    SLICE_X44Y15         LUT2 (Prop_lut2_I0_O)        0.303    12.385 r  u_dmem/alu_result_m[25]_i_1/O
                         net (fo=1, routed)           0.000    12.385    alu_result_e[25]
    SLICE_X44Y15         FDCE                                         r  alu_result_m_reg[25]/D
  -------------------------------------------------------------------    -------------------

                         (clock clk rise edge)       10.000    10.000 r  
    M18                                               0.000    10.000 r  clk (IN)
                         net (fo=0)                   0.000    10.000    clk
    M18                  IBUF (Prop_ibuf_I_O)         0.805    10.805 r  clk_IBUF_inst/O
                         net (fo=1, routed)           1.868    12.673    clk_IBUF
    BUFGCTRL_X0Y0        BUFG (Prop_bufg_I_O)         0.091    12.764 r  clk_IBUF_BUFG_inst/O
                         net (fo=530, routed)         1.442    14.206    clk_IBUF_BUFG
    SLICE_X44Y15         FDCE                                         r  alu_result_m_reg[25]/C
                         clock pessimism              0.322    14.528    
                         clock uncertainty           -0.035    14.493    
    SLICE_X44Y15         FDCE (Setup_fdce_C_D)        0.029    14.522    alu_result_m_reg[25]
  -------------------------------------------------------------------
                         required time                         14.522    
                         arrival time                         -12.385    
  -------------------------------------------------------------------
                         slack                                  2.136    

Slack (MET) :             2.179ns  (required time - arrival time)
  Source:                 u_dmem/ram_reg/CLKARDCLK
                            (rising edge-triggered cell RAMB18E1 clocked by clk  {rise@0.000ns fall@5.000ns period=10.000ns})
  Destination:            pc_f_reg[31]/D
                            (rising edge-triggered cell FDCE clocked by clk  {rise@0.000ns fall@5.000ns period=10.000ns})
  Path Group:             clk
  Path Type:              Setup (Max at Slow Process Corner)
  Requirement:            10.000ns  (clk rise@10.000ns - clk rise@0.000ns)
  Data Path Delay:        7.729ns  (logic 4.661ns (60.306%)  route 3.068ns (39.694%))
  Logic Levels:           12  (CARRY4=8 LUT4=1 LUT6=3)
  Clock Path Skew:        -0.087ns (DCD - SCD + CPR)
    Destination Clock Delay (DCD):    4.204ns = ( 14.204 - 10.000 ) 
    Source Clock Delay      (SCD):    4.613ns
    Clock Pessimism Removal (CPR):    0.322ns
  Clock Uncertainty:      0.035ns  ((TSJ^2 + TIJ^2)^1/2 + DJ) / 2 + PE
    Total System Jitter     (TSJ):    0.071ns
    Total Input Jitter      (TIJ):    0.000ns
    Discrete Jitter          (DJ):    0.000ns
    Phase Error              (PE):    0.000ns

    Location             Delay type                Incr(ns)  Path(ns)    Netlist Resource(s)
  -------------------------------------------------------------------    -------------------
                         (clock clk rise edge)        0.000     0.000 r  
    M18                                               0.000     0.000 r  clk (IN)
                         net (fo=0)                   0.000     0.000    clk
    M18                  IBUF (Prop_ibuf_I_O)         0.938     0.938 r  clk_IBUF_inst/O
                         net (fo=1, routed)           1.972     2.910    clk_IBUF
    BUFGCTRL_X0Y0        BUFG (Prop_bufg_I_O)         0.096     3.006 r  clk_IBUF_BUFG_inst/O
                         net (fo=530, routed)         1.608     4.613    u_dmem/clk_IBUF_BUFG
    RAMB18_X1Y4          RAMB18E1                                     r  u_dmem/ram_reg/CLKARDCLK
  -------------------------------------------------------------------    -------------------
    RAMB18_X1Y4          RAMB18E1 (Prop_ramb18e1_CLKARDCLK_DOADO[0])
                                                      2.454     7.067 r  u_dmem/ram_reg/DOADO[0]
                         net (fo=1, routed)           1.311     8.379    u_dmem/ram_reg_n_15
    SLICE_X44Y7          LUT6 (Prop_lut6_I1_O)        0.124     8.503 r  u_dmem/dbg_result_OBUF[0]_inst_i_2/O
                         net (fo=8, routed)           0.729     9.231    u_dmem/dbg_result_OBUF[0]
    SLICE_X47Y6          LUT6 (Prop_lut6_I0_O)        0.124     9.355 r  u_dmem/write_data_m[0]_i_1/O
                         net (fo=3, routed)           0.562     9.917    u_alu/D[0]
    SLICE_X45Y8          LUT4 (Prop_lut4_I1_O)        0.124    10.041 r  u_alu/pc_f[3]_i_7/O
                         net (fo=1, routed)           0.000    10.041    u_dmem/pc_f_reg[3][0]
    SLICE_X45Y8          CARRY4 (Prop_carry4_S[0]_CO[3])
                                                      0.532    10.573 r  u_dmem/pc_f_reg[3]_i_2/CO[3]
                         net (fo=1, routed)           0.000    10.573    u_dmem/pc_f_reg[3]_i_2_n_0
    SLICE_X45Y9          CARRY4 (Prop_carry4_CI_CO[3])
                                                      0.114    10.687 r  u_dmem/pc_f_reg[7]_i_2/CO[3]
                         net (fo=1, routed)           0.000    10.687    u_dmem/pc_f_reg[7]_i_2_n_0
    SLICE_X45Y10         CARRY4 (Prop_carry4_CI_CO[3])
                                                      0.114    10.801 r  u_dmem/pc_f_reg[11]_i_2/CO[3]
                         net (fo=1, routed)           0.000    10.801    u_dmem/pc_f_reg[11]_i_2_n_0
    SLICE_X45Y11         CARRY4 (Prop_carry4_CI_CO[3])
                                                      0.114    10.915 r  u_dmem/pc_f_reg[15]_i_2/CO[3]
                         net (fo=1, routed)           0.000    10.915    u_dmem/pc_f_reg[15]_i_2_n_0
    SLICE_X45Y12         CARRY4 (Prop_carry4_CI_CO[3])
                                                      0.114    11.029 r  u_dmem/pc_f_reg[19]_i_2/CO[3]
                         net (fo=1, routed)           0.000    11.029    u_dmem/pc_f_reg[19]_i_2_n_0
    SLICE_X45Y13         CARRY4 (Prop_carry4_CI_CO[3])
                                                      0.114    11.143 r  u_dmem/pc_f_reg[23]_i_2/CO[3]
                         net (fo=1, routed)           0.000    11.143    u_dmem/pc_f_reg[23]_i_2_n_0
    SLICE_X45Y14         CARRY4 (Prop_carry4_CI_CO[3])
                                                      0.114    11.257 r  u_dmem/pc_f_reg[27]_i_2/CO[3]
                         net (fo=1, routed)           0.000    11.257    u_dmem/pc_f_reg[27]_i_2_n_0
    SLICE_X45Y15         CARRY4 (Prop_carry4_CI_O[3])
                                                      0.313    11.570 r  u_dmem/pc_f_reg[31]_i_3/O[3]
                         net (fo=2, routed)           0.466    12.036    u_dmem/u_alu/data0[31]
    SLICE_X41Y16         LUT6 (Prop_lut6_I0_O)        0.306    12.342 r  u_dmem/pc_f[31]_i_2/O
                         net (fo=1, routed)           0.000    12.342    pc_next_f[31]
    SLICE_X41Y16         FDCE                                         r  pc_f_reg[31]/D
  -------------------------------------------------------------------    -------------------

                         (clock clk rise edge)       10.000    10.000 r  
    M18                                               0.000    10.000 r  clk (IN)
                         net (fo=0)                   0.000    10.000    clk
    M18                  IBUF (Prop_ibuf_I_O)         0.805    10.805 r  clk_IBUF_inst/O
                         net (fo=1, routed)           1.868    12.673    clk_IBUF
    BUFGCTRL_X0Y0        BUFG (Prop_bufg_I_O)         0.091    12.764 r  clk_IBUF_BUFG_inst/O
                         net (fo=530, routed)         1.440    14.204    clk_IBUF_BUFG
    SLICE_X41Y16         FDCE                                         r  pc_f_reg[31]/C
                         clock pessimism              0.322    14.526    
                         clock uncertainty           -0.035    14.491    
    SLICE_X41Y16         FDCE (Setup_fdce_C_D)        0.031    14.522    pc_f_reg[31]
  -------------------------------------------------------------------
                         required time                         14.522    
                         arrival time                         -12.342    
  -------------------------------------------------------------------
                         slack                                  2.179    





Min Delay Paths
--------------------------------------------------------------------------------------
Slack (MET) :             0.038ns  (arrival time - required time)
  Source:                 write_data_m_reg[7]/C
                            (rising edge-triggered cell FDCE clocked by clk  {rise@0.000ns fall@5.000ns period=10.000ns})
  Destination:            u_dmem/ram_reg/DIADI[7]
                            (rising edge-triggered cell RAMB18E1 clocked by clk  {rise@0.000ns fall@5.000ns period=10.000ns})
  Path Group:             clk
  Path Type:              Hold (Min at Fast Process Corner)
  Requirement:            0.000ns  (clk rise@0.000ns - clk rise@0.000ns)
  Data Path Delay:        0.249ns  (logic 0.141ns (56.669%)  route 0.108ns (43.331%))
  Logic Levels:           0  
  Clock Path Skew:        0.055ns (DCD - SCD - CPR)
    Destination Clock Delay (DCD):    1.947ns
    Source Clock Delay      (SCD):    1.391ns
    Clock Pessimism Removal (CPR):    0.500ns

    Location             Delay type                Incr(ns)  Path(ns)    Netlist Resource(s)
  -------------------------------------------------------------------    -------------------
                         (clock clk rise edge)        0.000     0.000 r  
    M18                                               0.000     0.000 r  clk (IN)
                         net (fo=0)                   0.000     0.000    clk
    M18                  IBUF (Prop_ibuf_I_O)         0.167     0.167 r  clk_IBUF_inst/O
                         net (fo=1, routed)           0.634     0.801    clk_IBUF
    BUFGCTRL_X0Y0        BUFG (Prop_bufg_I_O)         0.026     0.827 r  clk_IBUF_BUFG_inst/O
                         net (fo=530, routed)         0.564     1.391    clk_IBUF_BUFG
    SLICE_X49Y11         FDCE                                         r  write_data_m_reg[7]/C
  -------------------------------------------------------------------    -------------------
    SLICE_X49Y11         FDCE (Prop_fdce_C_Q)         0.141     1.532 r  write_data_m_reg[7]/Q
                         net (fo=1, routed)           0.108     1.640    u_dmem/ram_reg_1[7]
    RAMB18_X1Y4          RAMB18E1                                     r  u_dmem/ram_reg/DIADI[7]
  -------------------------------------------------------------------    -------------------

                         (clock clk rise edge)        0.000     0.000 r  
    M18                                               0.000     0.000 r  clk (IN)
                         net (fo=0)                   0.000     0.000    clk
    M18                  IBUF (Prop_ibuf_I_O)         0.356     0.356 r  clk_IBUF_inst/O
                         net (fo=1, routed)           0.689     1.044    clk_IBUF
    BUFGCTRL_X0Y0        BUFG (Prop_bufg_I_O)         0.029     1.073 r  clk_IBUF_BUFG_inst/O
                         net (fo=530, routed)         0.873     1.947    u_dmem/clk_IBUF_BUFG
    RAMB18_X1Y4          RAMB18E1                                     r  u_dmem/ram_reg/CLKARDCLK
                         clock pessimism             -0.500     1.446    
    RAMB18_X1Y4          RAMB18E1 (Hold_ramb18e1_CLKARDCLK_DIADI[7])
                                                      0.155     1.601    u_dmem/ram_reg
  -------------------------------------------------------------------
                         required time                         -1.601    
                         arrival time                           1.640    
  -------------------------------------------------------------------
                         slack                                  0.038    

Slack (MET) :             0.040ns  (arrival time - required time)
  Source:                 write_data_m_reg[13]/C
                            (rising edge-triggered cell FDCE clocked by clk  {rise@0.000ns fall@5.000ns period=10.000ns})
  Destination:            u_dmem/ram_reg/DIADI[13]
                            (rising edge-triggered cell RAMB18E1 clocked by clk  {rise@0.000ns fall@5.000ns period=10.000ns})
  Path Group:             clk
  Path Type:              Hold (Min at Fast Process Corner)
  Requirement:            0.000ns  (clk rise@0.000ns - clk rise@0.000ns)
  Data Path Delay:        0.251ns  (logic 0.141ns (56.256%)  route 0.110ns (43.744%))
  Logic Levels:           0  
  Clock Path Skew:        0.055ns (DCD - SCD - CPR)
    Destination Clock Delay (DCD):    1.947ns
    Source Clock Delay      (SCD):    1.391ns
    Clock Pessimism Removal (CPR):    0.500ns

    Location             Delay type                Incr(ns)  Path(ns)    Netlist Resource(s)
  -------------------------------------------------------------------    -------------------
                         (clock clk rise edge)        0.000     0.000 r  
    M18                                               0.000     0.000 r  clk (IN)
                         net (fo=0)                   0.000     0.000    clk
    M18                  IBUF (Prop_ibuf_I_O)         0.167     0.167 r  clk_IBUF_inst/O
                         net (fo=1, routed)           0.634     0.801    clk_IBUF
    BUFGCTRL_X0Y0        BUFG (Prop_bufg_I_O)         0.026     0.827 r  clk_IBUF_BUFG_inst/O
                         net (fo=530, routed)         0.564     1.391    clk_IBUF_BUFG
    SLICE_X48Y11         FDCE                                         r  write_data_m_reg[13]/C
  -------------------------------------------------------------------    -------------------
    SLICE_X48Y11         FDCE (Prop_fdce_C_Q)         0.141     1.532 r  write_data_m_reg[13]/Q
                         net (fo=1, routed)           0.110     1.641    u_dmem/ram_reg_1[13]
    RAMB18_X1Y4          RAMB18E1                                     r  u_dmem/ram_reg/DIADI[13]
  -------------------------------------------------------------------    -------------------

                         (clock clk rise edge)        0.000     0.000 r  
    M18                                               0.000     0.000 r  clk (IN)
                         net (fo=0)                   0.000     0.000    clk
    M18                  IBUF (Prop_ibuf_I_O)         0.356     0.356 r  clk_IBUF_inst/O
                         net (fo=1, routed)           0.689     1.044    clk_IBUF
    BUFGCTRL_X0Y0        BUFG (Prop_bufg_I_O)         0.029     1.073 r  clk_IBUF_BUFG_inst/O
                         net (fo=530, routed)         0.873     1.947    u_dmem/clk_IBUF_BUFG
    RAMB18_X1Y4          RAMB18E1                                     r  u_dmem/ram_reg/CLKARDCLK
                         clock pessimism             -0.500     1.446    
    RAMB18_X1Y4          RAMB18E1 (Hold_ramb18e1_CLKARDCLK_DIADI[13])
                                                      0.155     1.601    u_dmem/ram_reg
  -------------------------------------------------------------------
                         required time                         -1.601    
                         arrival time                           1.641    
  -------------------------------------------------------------------
                         slack                                  0.040    

Slack (MET) :             0.042ns  (arrival time - required time)
  Source:                 write_data_m_reg[12]/C
                            (rising edge-triggered cell FDCE clocked by clk  {rise@0.000ns fall@5.000ns period=10.000ns})
  Destination:            u_dmem/ram_reg/DIADI[12]
                            (rising edge-triggered cell RAMB18E1 clocked by clk  {rise@0.000ns fall@5.000ns period=10.000ns})
  Path Group:             clk
  Path Type:              Hold (Min at Fast Process Corner)
  Requirement:            0.000ns  (clk rise@0.000ns - clk rise@0.000ns)
  Data Path Delay:        0.252ns  (logic 0.141ns (55.866%)  route 0.111ns (44.134%))
  Logic Levels:           0  
  Clock Path Skew:        0.055ns (DCD - SCD - CPR)
    Destination Clock Delay (DCD):    1.947ns
    Source Clock Delay      (SCD):    1.391ns
    Clock Pessimism Removal (CPR):    0.500ns

    Location             Delay type                Incr(ns)  Path(ns)    Netlist Resource(s)
  -------------------------------------------------------------------    -------------------
                         (clock clk rise edge)        0.000     0.000 r  
    M18                                               0.000     0.000 r  clk (IN)
                         net (fo=0)                   0.000     0.000    clk
    M18                  IBUF (Prop_ibuf_I_O)         0.167     0.167 r  clk_IBUF_inst/O
                         net (fo=1, routed)           0.634     0.801    clk_IBUF
    BUFGCTRL_X0Y0        BUFG (Prop_bufg_I_O)         0.026     0.827 r  clk_IBUF_BUFG_inst/O
                         net (fo=530, routed)         0.564     1.391    clk_IBUF_BUFG
    SLICE_X48Y11         FDCE                                         r  write_data_m_reg[12]/C
  -------------------------------------------------------------------    -------------------
    SLICE_X48Y11         FDCE (Prop_fdce_C_Q)         0.141     1.532 r  write_data_m_reg[12]/Q
                         net (fo=1, routed)           0.111     1.643    u_dmem/ram_reg_1[12]
    RAMB18_X1Y4          RAMB18E1                                     r  u_dmem/ram_reg/DIADI[12]
  -------------------------------------------------------------------    -------------------

                         (clock clk rise edge)        0.000     0.000 r  
    M18                                               0.000     0.000 r  clk (IN)
                         net (fo=0)                   0.000     0.000    clk
    M18                  IBUF (Prop_ibuf_I_O)         0.356     0.356 r  clk_IBUF_inst/O
                         net (fo=1, routed)           0.689     1.044    clk_IBUF
    BUFGCTRL_X0Y0        BUFG (Prop_bufg_I_O)         0.029     1.073 r  clk_IBUF_BUFG_inst/O
                         net (fo=530, routed)         0.873     1.947    u_dmem/clk_IBUF_BUFG
    RAMB18_X1Y4          RAMB18E1                                     r  u_dmem/ram_reg/CLKARDCLK
                         clock pessimism             -0.500     1.446    
    RAMB18_X1Y4          RAMB18E1 (Hold_ramb18e1_CLKARDCLK_DIADI[12])
                                                      0.155     1.601    u_dmem/ram_reg
  -------------------------------------------------------------------
                         required time                         -1.601    
                         arrival time                           1.643    
  -------------------------------------------------------------------
                         slack                                  0.042    

Slack (MET) :             0.069ns  (arrival time - required time)
  Source:                 pc_d_reg[3]/C
                            (rising edge-triggered cell FDCE clocked by clk  {rise@0.000ns fall@5.000ns period=10.000ns})
  Destination:            pc_e_reg[3]/D
                            (rising edge-triggered cell FDCE clocked by clk  {rise@0.000ns fall@5.000ns period=10.000ns})
  Path Group:             clk
  Path Type:              Hold (Min at Fast Process Corner)
  Requirement:            0.000ns  (clk rise@0.000ns - clk rise@0.000ns)
  Data Path Delay:        0.426ns  (logic 0.227ns (53.252%)  route 0.199ns (46.748%))
  Logic Levels:           1  (LUT2=1)
  Clock Path Skew:        0.265ns (DCD - SCD - CPR)
    Destination Clock Delay (DCD):    1.904ns
    Source Clock Delay      (SCD):    1.388ns
    Clock Pessimism Removal (CPR):    0.251ns

    Location             Delay type                Incr(ns)  Path(ns)    Netlist Resource(s)
  -------------------------------------------------------------------    -------------------
                         (clock clk rise edge)        0.000     0.000 r  
    M18                                               0.000     0.000 r  clk (IN)
                         net (fo=0)                   0.000     0.000    clk
    M18                  IBUF (Prop_ibuf_I_O)         0.167     0.167 r  clk_IBUF_inst/O
                         net (fo=1, routed)           0.634     0.801    clk_IBUF
    BUFGCTRL_X0Y0        BUFG (Prop_bufg_I_O)         0.026     0.827 r  clk_IBUF_BUFG_inst/O
                         net (fo=530, routed)         0.561     1.388    clk_IBUF_BUFG
    SLICE_X35Y9          FDCE                                         r  pc_d_reg[3]/C
  -------------------------------------------------------------------    -------------------
    SLICE_X35Y9          FDCE (Prop_fdce_C_Q)         0.128     1.516 r  pc_d_reg[3]/Q
                         net (fo=1, routed)           0.199     1.715    pc_d[3]
    SLICE_X36Y9          LUT2 (Prop_lut2_I0_O)        0.099     1.814 r  pc_e[3]_i_1/O
                         net (fo=1, routed)           0.000     1.814    pc_e[3]_i_1_n_0
    SLICE_X36Y9          FDCE                                         r  pc_e_reg[3]/D
  -------------------------------------------------------------------    -------------------

                         (clock clk rise edge)        0.000     0.000 r  
    M18                                               0.000     0.000 r  clk (IN)
                         net (fo=0)                   0.000     0.000    clk
    M18                  IBUF (Prop_ibuf_I_O)         0.356     0.356 r  clk_IBUF_inst/O
                         net (fo=1, routed)           0.689     1.044    clk_IBUF
    BUFGCTRL_X0Y0        BUFG (Prop_bufg_I_O)         0.029     1.073 r  clk_IBUF_BUFG_inst/O
                         net (fo=530, routed)         0.831     1.904    clk_IBUF_BUFG
    SLICE_X36Y9          FDCE                                         r  pc_e_reg[3]/C
                         clock pessimism             -0.251     1.653    
    SLICE_X36Y9          FDCE (Hold_fdce_C_D)         0.092     1.745    pc_e_reg[3]
  -------------------------------------------------------------------
                         required time                         -1.745    
                         arrival time                           1.814    
  -------------------------------------------------------------------
                         slack                                  0.069    

Slack (MET) :             0.070ns  (arrival time - required time)
  Source:                 write_data_m_reg[17]/C
                            (rising edge-triggered cell FDCE clocked by clk  {rise@0.000ns fall@5.000ns period=10.000ns})
  Destination:            u_dmem/ram_reg/DIPADIP[1]
                            (rising edge-triggered cell RAMB18E1 clocked by clk  {rise@0.000ns fall@5.000ns period=10.000ns})
  Path Group:             clk
  Path Type:              Hold (Min at Fast Process Corner)
  Requirement:            0.000ns  (clk rise@0.000ns - clk rise@0.000ns)
  Data Path Delay:        0.281ns  (logic 0.141ns (50.247%)  route 0.140ns (49.753%))
  Logic Levels:           0  
  Clock Path Skew:        0.055ns (DCD - SCD - CPR)
    Destination Clock Delay (DCD):    1.947ns
    Source Clock Delay      (SCD):    1.391ns
    Clock Pessimism Removal (CPR):    0.500ns

    Location             Delay type                Incr(ns)  Path(ns)    Netlist Resource(s)
  -------------------------------------------------------------------    -------------------
                         (clock clk rise edge)        0.000     0.000 r  
    M18                                               0.000     0.000 r  clk (IN)
                         net (fo=0)                   0.000     0.000    clk
    M18                  IBUF (Prop_ibuf_I_O)         0.167     0.167 r  clk_IBUF_inst/O
                         net (fo=1, routed)           0.634     0.801    clk_IBUF
    BUFGCTRL_X0Y0        BUFG (Prop_bufg_I_O)         0.026     0.827 r  clk_IBUF_BUFG_inst/O
                         net (fo=530, routed)         0.564     1.391    clk_IBUF_BUFG
    SLICE_X49Y11         FDCE                                         r  write_data_m_reg[17]/C
  -------------------------------------------------------------------    -------------------
    SLICE_X49Y11         FDCE (Prop_fdce_C_Q)         0.141     1.532 r  write_data_m_reg[17]/Q
                         net (fo=1, routed)           0.140     1.671    u_dmem/ram_reg_1[17]
    RAMB18_X1Y4          RAMB18E1                                     r  u_dmem/ram_reg/DIPADIP[1]
  -------------------------------------------------------------------    -------------------

                         (clock clk rise edge)        0.000     0.000 r  
    M18                                               0.000     0.000 r  clk (IN)
                         net (fo=0)                   0.000     0.000    clk
    M18                  IBUF (Prop_ibuf_I_O)         0.356     0.356 r  clk_IBUF_inst/O
                         net (fo=1, routed)           0.689     1.044    clk_IBUF
    BUFGCTRL_X0Y0        BUFG (Prop_bufg_I_O)         0.029     1.073 r  clk_IBUF_BUFG_inst/O
                         net (fo=530, routed)         0.873     1.947    u_dmem/clk_IBUF_BUFG
    RAMB18_X1Y4          RAMB18E1                                     r  u_dmem/ram_reg/CLKARDCLK
                         clock pessimism             -0.500     1.446    
    RAMB18_X1Y4          RAMB18E1 (Hold_ramb18e1_CLKARDCLK_DIPADIP[1])
                                                      0.155     1.601    u_dmem/ram_reg
  -------------------------------------------------------------------
                         required time                         -1.601    
                         arrival time                           1.671    
  -------------------------------------------------------------------
                         slack                                  0.070    

Slack (MET) :             0.082ns  (arrival time - required time)
  Source:                 write_data_m_reg[29]/C
                            (rising edge-triggered cell FDCE clocked by clk  {rise@0.000ns fall@5.000ns period=10.000ns})
  Destination:            u_dmem/ram_reg/DIBDI[11]
                            (rising edge-triggered cell RAMB18E1 clocked by clk  {rise@0.000ns fall@5.000ns period=10.000ns})
  Path Group:             clk
  Path Type:              Hold (Min at Fast Process Corner)
  Requirement:            0.000ns  (clk rise@0.000ns - clk rise@0.000ns)
  Data Path Delay:        0.242ns  (logic 0.128ns (52.809%)  route 0.114ns (47.191%))
  Logic Levels:           0  
  Clock Path Skew:        0.058ns (DCD - SCD - CPR)
    Destination Clock Delay (DCD):    1.950ns
    Source Clock Delay      (SCD):    1.391ns
    Clock Pessimism Removal (CPR):    0.500ns

    Location             Delay type                Incr(ns)  Path(ns)    Netlist Resource(s)
  -------------------------------------------------------------------    -------------------
                         (clock clk rise edge)        0.000     0.000 r  
    M18                                               0.000     0.000 r  clk (IN)
                         net (fo=0)                   0.000     0.000    clk
    M18                  IBUF (Prop_ibuf_I_O)         0.167     0.167 r  clk_IBUF_inst/O
                         net (fo=1, routed)           0.634     0.801    clk_IBUF
    BUFGCTRL_X0Y0        BUFG (Prop_bufg_I_O)         0.026     0.827 r  clk_IBUF_BUFG_inst/O
                         net (fo=530, routed)         0.564     1.391    clk_IBUF_BUFG
    SLICE_X48Y11         FDCE                                         r  write_data_m_reg[29]/C
  -------------------------------------------------------------------    -------------------
    SLICE_X48Y11         FDCE (Prop_fdce_C_Q)         0.128     1.519 r  write_data_m_reg[29]/Q
                         net (fo=1, routed)           0.114     1.633    u_dmem/ram_reg_1[29]
    RAMB18_X1Y4          RAMB18E1                                     r  u_dmem/ram_reg/DIBDI[11]
  -------------------------------------------------------------------    -------------------

                         (clock clk rise edge)        0.000     0.000 r  
    M18                                               0.000     0.000 r  clk (IN)
                         net (fo=0)                   0.000     0.000    clk
    M18                  IBUF (Prop_ibuf_I_O)         0.356     0.356 r  clk_IBUF_inst/O
                         net (fo=1, routed)           0.689     1.044    clk_IBUF
    BUFGCTRL_X0Y0        BUFG (Prop_bufg_I_O)         0.029     1.073 r  clk_IBUF_BUFG_inst/O
                         net (fo=530, routed)         0.876     1.950    u_dmem/clk_IBUF_BUFG
    RAMB18_X1Y4          RAMB18E1                                     r  u_dmem/ram_reg/CLKBWRCLK
                         clock pessimism             -0.500     1.449    
    RAMB18_X1Y4          RAMB18E1 (Hold_ramb18e1_CLKBWRCLK_DIBDI[11])
                                                      0.102     1.551    u_dmem/ram_reg
  -------------------------------------------------------------------
                         required time                         -1.551    
                         arrival time                           1.633    
  -------------------------------------------------------------------
                         slack                                  0.082    

Slack (MET) :             0.084ns  (arrival time - required time)
  Source:                 write_data_m_reg[2]/C
                            (rising edge-triggered cell FDCE clocked by clk  {rise@0.000ns fall@5.000ns period=10.000ns})
  Destination:            u_dmem/ram_reg/DIADI[2]
                            (rising edge-triggered cell RAMB18E1 clocked by clk  {rise@0.000ns fall@5.000ns period=10.000ns})
  Path Group:             clk
  Path Type:              Hold (Min at Fast Process Corner)
  Requirement:            0.000ns  (clk rise@0.000ns - clk rise@0.000ns)
  Data Path Delay:        0.240ns  (logic 0.128ns (53.403%)  route 0.112ns (46.597%))
  Logic Levels:           0  
  Clock Path Skew:        0.054ns (DCD - SCD - CPR)
    Destination Clock Delay (DCD):    1.947ns
    Source Clock Delay      (SCD):    1.392ns
    Clock Pessimism Removal (CPR):    0.500ns

    Location             Delay type                Incr(ns)  Path(ns)    Netlist Resource(s)
  -------------------------------------------------------------------    -------------------
                         (clock clk rise edge)        0.000     0.000 r  
    M18                                               0.000     0.000 r  clk (IN)
                         net (fo=0)                   0.000     0.000    clk
    M18                  IBUF (Prop_ibuf_I_O)         0.167     0.167 r  clk_IBUF_inst/O
                         net (fo=1, routed)           0.634     0.801    clk_IBUF
    BUFGCTRL_X0Y0        BUFG (Prop_bufg_I_O)         0.026     0.827 r  clk_IBUF_BUFG_inst/O
                         net (fo=530, routed)         0.565     1.392    clk_IBUF_BUFG
    SLICE_X48Y9          FDCE                                         r  write_data_m_reg[2]/C
  -------------------------------------------------------------------    -------------------
    SLICE_X48Y9          FDCE (Prop_fdce_C_Q)         0.128     1.520 r  write_data_m_reg[2]/Q
                         net (fo=1, routed)           0.112     1.632    u_dmem/ram_reg_1[2]
    RAMB18_X1Y4          RAMB18E1                                     r  u_dmem/ram_reg/DIADI[2]
  -------------------------------------------------------------------    -------------------

                         (clock clk rise edge)        0.000     0.000 r  
    M18                                               0.000     0.000 r  clk (IN)
                         net (fo=0)                   0.000     0.000    clk
    M18                  IBUF (Prop_ibuf_I_O)         0.356     0.356 r  clk_IBUF_inst/O
                         net (fo=1, routed)           0.689     1.044    clk_IBUF
    BUFGCTRL_X0Y0        BUFG (Prop_bufg_I_O)         0.029     1.073 r  clk_IBUF_BUFG_inst/O
                         net (fo=530, routed)         0.873     1.947    u_dmem/clk_IBUF_BUFG
    RAMB18_X1Y4          RAMB18E1                                     r  u_dmem/ram_reg/CLKARDCLK
                         clock pessimism             -0.500     1.446    
    RAMB18_X1Y4          RAMB18E1 (Hold_ramb18e1_CLKARDCLK_DIADI[2])
                                                      0.101     1.547    u_dmem/ram_reg
  -------------------------------------------------------------------
                         required time                         -1.547    
                         arrival time                           1.632    
  -------------------------------------------------------------------
                         slack                                  0.084    

Slack (MET) :             0.093ns  (arrival time - required time)
  Source:                 rd_w_reg[0]/C
                            (rising edge-triggered cell FDCE clocked by clk  {rise@0.000ns fall@5.000ns period=10.000ns})
  Destination:            u_regfile/rf_reg_r1_0_31_12_17/RAMA/WADR0
                            (rising edge-triggered cell RAMD32 clocked by clk  {rise@0.000ns fall@5.000ns period=10.000ns})
  Path Group:             clk
  Path Type:              Hold (Min at Fast Process Corner)
  Requirement:            0.000ns  (clk rise@0.000ns - clk rise@0.000ns)
  Data Path Delay:        0.440ns  (logic 0.141ns (32.045%)  route 0.299ns (67.955%))
  Logic Levels:           0  
  Clock Path Skew:        0.037ns (DCD - SCD - CPR)
    Destination Clock Delay (DCD):    1.905ns
    Source Clock Delay      (SCD):    1.388ns
    Clock Pessimism Removal (CPR):    0.480ns

    Location             Delay type                Incr(ns)  Path(ns)    Netlist Resource(s)
  -------------------------------------------------------------------    -------------------
                         (clock clk rise edge)        0.000     0.000 r  
    M18                                               0.000     0.000 r  clk (IN)
                         net (fo=0)                   0.000     0.000    clk
    M18                  IBUF (Prop_ibuf_I_O)         0.167     0.167 r  clk_IBUF_inst/O
                         net (fo=1, routed)           0.634     0.801    clk_IBUF
    BUFGCTRL_X0Y0        BUFG (Prop_bufg_I_O)         0.026     0.827 r  clk_IBUF_BUFG_inst/O
                         net (fo=530, routed)         0.561     1.388    clk_IBUF_BUFG
    SLICE_X43Y10         FDCE                                         r  rd_w_reg[0]/C
  -------------------------------------------------------------------    -------------------
    SLICE_X43Y10         FDCE (Prop_fdce_C_Q)         0.141     1.529 r  rd_w_reg[0]/Q
                         net (fo=103, routed)         0.299     1.828    u_regfile/rf_reg_r1_0_31_12_17/ADDRD0
    SLICE_X46Y10         RAMD32                                       r  u_regfile/rf_reg_r1_0_31_12_17/RAMA/WADR0
  -------------------------------------------------------------------    -------------------

                         (clock clk rise edge)        0.000     0.000 r  
    M18                                               0.000     0.000 r  clk (IN)
                         net (fo=0)                   0.000     0.000    clk
    M18                  IBUF (Prop_ibuf_I_O)         0.356     0.356 r  clk_IBUF_inst/O
                         net (fo=1, routed)           0.689     1.044    clk_IBUF
    BUFGCTRL_X0Y0        BUFG (Prop_bufg_I_O)         0.029     1.073 r  clk_IBUF_BUFG_inst/O
                         net (fo=530, routed)         0.832     1.905    u_regfile/rf_reg_r1_0_31_12_17/WCLK
    SLICE_X46Y10         RAMD32                                       r  u_regfile/rf_reg_r1_0_31_12_17/RAMA/CLK
                         clock pessimism             -0.480     1.425    
    SLICE_X46Y10         RAMD32 (Hold_ramd32_CLK_WADR0)
                                                      0.310     1.735    u_regfile/rf_reg_r1_0_31_12_17/RAMA
  -------------------------------------------------------------------
                         required time                         -1.735    
                         arrival time                           1.828    
  -------------------------------------------------------------------
                         slack                                  0.093    

Slack (MET) :             0.093ns  (arrival time - required time)
  Source:                 rd_w_reg[0]/C
                            (rising edge-triggered cell FDCE clocked by clk  {rise@0.000ns fall@5.000ns period=10.000ns})
  Destination:            u_regfile/rf_reg_r1_0_31_12_17/RAMA_D1/WADR0
                            (rising edge-triggered cell RAMD32 clocked by clk  {rise@0.000ns fall@5.000ns period=10.000ns})
  Path Group:             clk
  Path Type:              Hold (Min at Fast Process Corner)
  Requirement:            0.000ns  (clk rise@0.000ns - clk rise@0.000ns)
  Data Path Delay:        0.440ns  (logic 0.141ns (32.045%)  route 0.299ns (67.955%))
  Logic Levels:           0  
  Clock Path Skew:        0.037ns (DCD - SCD - CPR)
    Destination Clock Delay (DCD):    1.905ns
    Source Clock Delay      (SCD):    1.388ns
    Clock Pessimism Removal (CPR):    0.480ns

    Location             Delay type                Incr(ns)  Path(ns)    Netlist Resource(s)
  -------------------------------------------------------------------    -------------------
                         (clock clk rise edge)        0.000     0.000 r  
    M18                                               0.000     0.000 r  clk (IN)
                         net (fo=0)                   0.000     0.000    clk
    M18                  IBUF (Prop_ibuf_I_O)         0.167     0.167 r  clk_IBUF_inst/O
                         net (fo=1, routed)           0.634     0.801    clk_IBUF
    BUFGCTRL_X0Y0        BUFG (Prop_bufg_I_O)         0.026     0.827 r  clk_IBUF_BUFG_inst/O
                         net (fo=530, routed)         0.561     1.388    clk_IBUF_BUFG
    SLICE_X43Y10         FDCE                                         r  rd_w_reg[0]/C
  -------------------------------------------------------------------    -------------------
    SLICE_X43Y10         FDCE (Prop_fdce_C_Q)         0.141     1.529 r  rd_w_reg[0]/Q
                         net (fo=103, routed)         0.299     1.828    u_regfile/rf_reg_r1_0_31_12_17/ADDRD0
    SLICE_X46Y10         RAMD32                                       r  u_regfile/rf_reg_r1_0_31_12_17/RAMA_D1/WADR0
  -------------------------------------------------------------------    -------------------

                         (clock clk rise edge)        0.000     0.000 r  
    M18                                               0.000     0.000 r  clk (IN)
                         net (fo=0)                   0.000     0.000    clk
    M18                  IBUF (Prop_ibuf_I_O)         0.356     0.356 r  clk_IBUF_inst/O
                         net (fo=1, routed)           0.689     1.044    clk_IBUF
    BUFGCTRL_X0Y0        BUFG (Prop_bufg_I_O)         0.029     1.073 r  clk_IBUF_BUFG_inst/O
                         net (fo=530, routed)         0.832     1.905    u_regfile/rf_reg_r1_0_31_12_17/WCLK
    SLICE_X46Y10         RAMD32                                       r  u_regfile/rf_reg_r1_0_31_12_17/RAMA_D1/CLK
                         clock pessimism             -0.480     1.425    
    SLICE_X46Y10         RAMD32 (Hold_ramd32_CLK_WADR0)
                                                      0.310     1.735    u_regfile/rf_reg_r1_0_31_12_17/RAMA_D1
  -------------------------------------------------------------------
                         required time                         -1.735    
                         arrival time                           1.828    
  -------------------------------------------------------------------
                         slack                                  0.093    

Slack (MET) :             0.093ns  (arrival time - required time)
  Source:                 rd_w_reg[0]/C
                            (rising edge-triggered cell FDCE clocked by clk  {rise@0.000ns fall@5.000ns period=10.000ns})
  Destination:            u_regfile/rf_reg_r1_0_31_12_17/RAMB/WADR0
                            (rising edge-triggered cell RAMD32 clocked by clk  {rise@0.000ns fall@5.000ns period=10.000ns})
  Path Group:             clk
  Path Type:              Hold (Min at Fast Process Corner)
  Requirement:            0.000ns  (clk rise@0.000ns - clk rise@0.000ns)
  Data Path Delay:        0.440ns  (logic 0.141ns (32.045%)  route 0.299ns (67.955%))
  Logic Levels:           0  
  Clock Path Skew:        0.037ns (DCD - SCD - CPR)
    Destination Clock Delay (DCD):    1.905ns
    Source Clock Delay      (SCD):    1.388ns
    Clock Pessimism Removal (CPR):    0.480ns

    Location             Delay type                Incr(ns)  Path(ns)    Netlist Resource(s)
  -------------------------------------------------------------------    -------------------
                         (clock clk rise edge)        0.000     0.000 r  
    M18                                               0.000     0.000 r  clk (IN)
                         net (fo=0)                   0.000     0.000    clk
    M18                  IBUF (Prop_ibuf_I_O)         0.167     0.167 r  clk_IBUF_inst/O
                         net (fo=1, routed)           0.634     0.801    clk_IBUF
    BUFGCTRL_X0Y0        BUFG (Prop_bufg_I_O)         0.026     0.827 r  clk_IBUF_BUFG_inst/O
                         net (fo=530, routed)         0.561     1.388    clk_IBUF_BUFG
    SLICE_X43Y10         FDCE                                         r  rd_w_reg[0]/C
  -------------------------------------------------------------------    -------------------
    SLICE_X43Y10         FDCE (Prop_fdce_C_Q)         0.141     1.529 r  rd_w_reg[0]/Q
                         net (fo=103, routed)         0.299     1.828    u_regfile/rf_reg_r1_0_31_12_17/ADDRD0
    SLICE_X46Y10         RAMD32                                       r  u_regfile/rf_reg_r1_0_31_12_17/RAMB/WADR0
  -------------------------------------------------------------------    -------------------

                         (clock clk rise edge)        0.000     0.000 r  
    M18                                               0.000     0.000 r  clk (IN)
                         net (fo=0)                   0.000     0.000    clk
    M18                  IBUF (Prop_ibuf_I_O)         0.356     0.356 r  clk_IBUF_inst/O
                         net (fo=1, routed)           0.689     1.044    clk_IBUF
    BUFGCTRL_X0Y0        BUFG (Prop_bufg_I_O)         0.029     1.073 r  clk_IBUF_BUFG_inst/O
                         net (fo=530, routed)         0.832     1.905    u_regfile/rf_reg_r1_0_31_12_17/WCLK
    SLICE_X46Y10         RAMD32                                       r  u_regfile/rf_reg_r1_0_31_12_17/RAMB/CLK
                         clock pessimism             -0.480     1.425    
    SLICE_X46Y10         RAMD32 (Hold_ramd32_CLK_WADR0)
                                                      0.310     1.735    u_regfile/rf_reg_r1_0_31_12_17/RAMB
  -------------------------------------------------------------------
                         required time                         -1.735    
                         arrival time                           1.828    
  -------------------------------------------------------------------
                         slack                                  0.093    





Pulse Width Checks
--------------------------------------------------------------------------------------
Clock Name:         clk
Waveform(ns):       { 0.000 5.000 }
Period(ns):         10.000
Sources:            { clk }

Check Type        Corner  Lib Pin             Reference Pin  Required(ns)  Actual(ns)  Slack(ns)  Location       Pin
Min Period        n/a     RAMB18E1/CLKARDCLK  n/a            2.944         10.000      7.056      RAMB18_X1Y4    u_dmem/ram_reg/CLKARDCLK
Min Period        n/a     RAMB18E1/CLKBWRCLK  n/a            2.944         10.000      7.056      RAMB18_X1Y4    u_dmem/ram_reg/CLKBWRCLK
Min Period        n/a     BUFG/I              n/a            2.155         10.000      7.845      BUFGCTRL_X0Y0  clk_IBUF_BUFG_inst/I
Min Period        n/a     FDCE/C              n/a            1.000         10.000      9.000      SLICE_X41Y8    alu_control_e_reg[1]/C
Min Period        n/a     FDCE/C              n/a            1.000         10.000      9.000      SLICE_X46Y12   alu_result_m_reg[0]/C
Min Period        n/a     FDCE/C              n/a            1.000         10.000      9.000      SLICE_X43Y9    alu_result_m_reg[10]/C
Min Period        n/a     FDCE/C              n/a            1.000         10.000      9.000      SLICE_X43Y9    alu_result_m_reg[11]/C
Min Period        n/a     FDCE/C              n/a            1.000         10.000      9.000      SLICE_X44Y10   alu_result_m_reg[12]/C
Min Period        n/a     FDCE/C              n/a            1.000         10.000      9.000      SLICE_X44Y12   alu_result_m_reg[13]/C
Min Period        n/a     FDCE/C              n/a            1.000         10.000      9.000      SLICE_X44Y11   alu_result_m_reg[14]/C
Low Pulse Width   Slow    RAMD32/CLK          n/a            1.250         5.000       3.750      SLICE_X52Y8    u_regfile/rf_reg_r1_0_31_0_5/RAMA/CLK
Low Pulse Width   Fast    RAMD32/CLK          n/a            1.250         5.000       3.750      SLICE_X52Y8    u_regfile/rf_reg_r1_0_31_0_5/RAMA/CLK
Low Pulse Width   Slow    RAMD32/CLK          n/a            1.250         5.000       3.750      SLICE_X52Y8    u_regfile/rf_reg_r1_0_31_0_5/RAMA_D1/CLK
Low Pulse Width   Fast    RAMD32/CLK          n/a            1.250         5.000       3.750      SLICE_X52Y8    u_regfile/rf_reg_r1_0_31_0_5/RAMA_D1/CLK
Low Pulse Width   Slow    RAMD32/CLK          n/a            1.250         5.000       3.750      SLICE_X52Y8    u_regfile/rf_reg_r1_0_31_0_5/RAMB/CLK
Low Pulse Width   Fast    RAMD32/CLK          n/a            1.250         5.000       3.750      SLICE_X52Y8    u_regfile/rf_reg_r1_0_31_0_5/RAMB/CLK
Low Pulse Width   Slow    RAMD32/CLK          n/a            1.250         5.000       3.750      SLICE_X52Y8    u_regfile/rf_reg_r1_0_31_0_5/RAMB_D1/CLK
Low Pulse Width   Fast    RAMD32/CLK          n/a            1.250         5.000       3.750      SLICE_X52Y8    u_regfile/rf_reg_r1_0_31_0_5/RAMB_D1/CLK
Low Pulse Width   Slow    RAMD32/CLK          n/a            1.250         5.000       3.750      SLICE_X52Y8    u_regfile/rf_reg_r1_0_31_0_5/RAMC/CLK
Low Pulse Width   Fast    RAMD32/CLK          n/a            1.250         5.000       3.750      SLICE_X52Y8    u_regfile/rf_reg_r1_0_31_0_5/RAMC/CLK
High Pulse Width  Slow    RAMD32/CLK          n/a            1.250         5.000       3.750      SLICE_X52Y8    u_regfile/rf_reg_r1_0_31_0_5/RAMA/CLK
High Pulse Width  Fast    RAMD32/CLK          n/a            1.250         5.000       3.750      SLICE_X52Y8    u_regfile/rf_reg_r1_0_31_0_5/RAMA/CLK
High Pulse Width  Slow    RAMD32/CLK          n/a            1.250         5.000       3.750      SLICE_X52Y8    u_regfile/rf_reg_r1_0_31_0_5/RAMA_D1/CLK
High Pulse Width  Fast    RAMD32/CLK          n/a            1.250         5.000       3.750      SLICE_X52Y8    u_regfile/rf_reg_r1_0_31_0_5/RAMA_D1/CLK
High Pulse Width  Slow    RAMD32/CLK          n/a            1.250         5.000       3.750      SLICE_X52Y8    u_regfile/rf_reg_r1_0_31_0_5/RAMB/CLK
High Pulse Width  Fast    RAMD32/CLK          n/a            1.250         5.000       3.750      SLICE_X52Y8    u_regfile/rf_reg_r1_0_31_0_5/RAMB/CLK
High Pulse Width  Slow    RAMD32/CLK          n/a            1.250         5.000       3.750      SLICE_X52Y8    u_regfile/rf_reg_r1_0_31_0_5/RAMB_D1/CLK
High Pulse Width  Fast    RAMD32/CLK          n/a            1.250         5.000       3.750      SLICE_X52Y8    u_regfile/rf_reg_r1_0_31_0_5/RAMB_D1/CLK
High Pulse Width  Slow    RAMD32/CLK          n/a            1.250         5.000       3.750      SLICE_X52Y8    u_regfile/rf_reg_r1_0_31_0_5/RAMC/CLK
High Pulse Width  Fast    RAMD32/CLK          n/a            1.250         5.000       3.750      SLICE_X52Y8    u_regfile/rf_reg_r1_0_31_0_5/RAMC/CLK



